farmer_id,subcounty,ward,lat,lon,gender,hh_size,education_yrs,age,farm_size_ha,maize_area_ha,bean_area_ha,irrigation,land_tenure,seed_type,planting_week,fert_rate_kgha,extension_access,farmer_group,weeding_count,nasa_tmax_c,nasa_tmin_c,nasa_srad,ndvi_mean,soil_soc,maize_yield_tha,bean_yield_tha,perceived_yield_rating,soil_ph,soil_soc_gkg,soil_clay_pct,soil_sand_pct,chirps_rain_mm,tmax_c_mean,tmin_c_mean,srad_mean,planting_optimal,fert_sufficient,ph_adequacy,soil_fertility_score,rain_adequacy,climate_stress,management_index
F001,Kitui Central,Kyangwithya West,-1.11026,37.94802,0,8,12,26,3.82,2.16,0.73,0,1,1,44,0.0,0,0,3,28.0813358244843,19.444650433503227,20.338815564061782,0.425,22.71,1.509,1.304,2,6.1,11.0,37.8,43.0,100.0,32.95333333333333,17.37333333333333,20.706666666666667,0.7408182206817179,0,0.8824969025845952,9.707,0.5,0.684,0.3
F002,Kitui Central,Kyangwithya East,-1.16106,37.97394,0,5,8,40,1.84,1.17,0.17,0,2,0,43,0.0,1,1,3,31.801965155539584,21.191744592455667,18.986337450928183,0.467,18.67,2.231,1.281,4,6.2,12.1,38.0,42.0,100.0,32.95333333333333,17.37333333333333,20.61,0.8607079764250578,0,0.9321024923595277,11.278,0.5,0.684,0.25
F003,Kitui Central,Central,-1.09818,38.12571,0,10,8,37,3.09,2.4,0.29,0,1,1,43,0.0,0,0,3,34.013379929591004,18.20409662286877,20.452919268726504,0.478,16.49,2.217,1.644,3,6.3,11.4,36.5,43.5,100.0,32.95333333333333,17.37333333333333,20.61,0.8607079764250578,0,0.969233234476344,11.049,0.5,0.684,0.3
F004,Kitui Central,Mulango,-1.02816,38.05436,1,7,8,42,1.73,0.96,0.31,0,1,0,45,0.0,0,0,3,36.109603670212174,18.28901376727316,16.902283392676562,0.43,28.2,1.575,0.953,2,6.3,11.4,36.5,43.5,100.0,32.95333333333333,17.37333333333333,20.61,0.6376281516217733,0,0.969233234476344,11.049,0.5,0.684,0.0
F005,Kitui Central,Mulango,-1.16873,37.8437,1,9,4,53,1.48,0.83,0.24,0,0,1,42,78.8,0,1,3,31.62365982291348,18.75443634789248,19.677763923234814,0.501,6.28,2.483,1.369,4,6.1,11.0,37.8,43.0,100.0,32.95333333333333,17.37333333333333,20.706666666666667,1.0,1,0.8824969025845952,9.707,0.5,0.684,0.65
F006,Kitui Central,Mulango,-1.16873,38.05241,0,9,8,37,1.85,0.93,0.33,0,2,1,45,0.0,1,1,2,35.10781351781233,17.303902373349977,18.91718436093436,0.427,11.31,1.928,1.276,4,6.2,12.1,38.0,42.0,100.0,32.95333333333333,17.37333333333333,20.61,0.6376281516217733,0,0.9321024923595277,11.278,0.5,0.684,0.55
F007,Kitui Central,Mulango,-1.02366,37.98149,0,4,8,54,1.11,0.56,0.15,0,2,1,44,21.3,1,1,3,36.21805245991948,18.98413432542197,18.525335940516328,0.415,10.08,2.586,1.201,3,6.1,11.0,37.8,43.0,100.0,32.95333333333333,17.37333333333333,20.706666666666667,0.7408182206817179,0,0.8824969025845952,9.707,0.5,0.684,0.55
F008,Kitui Central,Kyangwithya West,-1.08861,37.95231,0,6,12,37,0.49,0.37,0.1,0,2,0,44,21.5,1,1,3,31.652158717662108,18.939149848896225,15.183697470341423,0.439,27.2,1.93,1.17,4,6.1,11.0,37.8,43.0,100.0,32.95333333333333,17.37333333333333,20.706666666666667,0.7408182206817179,0,0.8824969025845952,9.707,0.5,0.684,0.25
F009,Kitui Central,Mulango,-1.18756,38.08117,1,8,4,56,1.53,1.1,0.14,0,3,0,43,69.6,0,0,2,31.27194122777,21.163975543725183,16.931005621468927,0.391,11.36,1.192,0.999,3,6.2,12.1,38.0,42.0,100.0,32.95333333333333,17.37333333333333,20.61,0.8607079764250578,1,0.9321024923595277,11.278,0.5,0.684,0.25
F010,Kitui Central,Central,-1.1066,38.1231,0,5,8,45,0.79,0.48,0.1,0,2,1,42,150.0,1,0,3,32.09943616579776,18.15909360348073,18.285262939686547,0.499,8.65,2.683,1.785,4,6.3,11.4,36.5,43.5,100.0,32.95333333333333,17.37333333333333,20.61,1.0,1,0.969233234476344,11.049,0.5,0.684,0.7
F011,Kitui Central,Township,-1.18707,38.11313,0,6,8,38,0.65,0.46,0.1,0,3,0,42,0.0,0,1,3,32.31970607286119,19.71451138291431,21.73759795159689,0.447,21.64,1.614,1.285,3,6.2,12.1,38.0,42.0,100.0,32.95333333333333,17.37333333333333,20.61,1.0,0,0.9321024923595277,11.278,0.5,0.684,0.1
F012,Kitui Central,Mulango,-1.18726,37.93608,0,3,0,44,1.7,1.05,0.28,0,3,1,44,17.5,0,1,2,34.899809869282144,18.21278249241431,20.21455872600997,0.337,10.44,1.981,1.25,3,6.2,12.1,38.0,42.0,100.0,32.95333333333333,17.37333333333333,20.61,0.7408182206817179,0,0.9321024923595277,11.278,0.5,0.684,0.4
F013,Kitui Central,Kyangwithya West,-1.13064,37.98908,0,5,8,40,1.03,0.81,0.1,0,2,0,40,0.0,0,0,2,30.797804605078888,19.65156699520804,21.849185620069758,0.395,13.8,1.672,0.969,3,6.2,12.1,38.0,42.0,100.0,32.95333333333333,17.37333333333333,20.61,0.7408182206817179,0,0.9321024923595277,11.278,0.5,0.684,0.0
F014,Kitui Central,Kyangwithya West,-1.30306,38.05313,1,7,10,45,2.11,1.67,0.2,0,2,0,44,21.1,0,0,2,35.88374395943203,18.049894779574583,22.607283456000324,0.321,45.0,1.201,0.978,3,6.2,12.1,38.0,42.0,100.0,32.95333333333333,17.37333333333333,20.61,0.7408182206817179,0,0.9321024923595277,11.278,0.5,0.684,0.0
F015,Kitui Central,Mulango,-1.28799,38.11755,0,2,12,53,0.78,0.48,0.11,0,0,1,42,61.0,0,0,4,30.73833338400232,19.53225137650137,20.323272863123737,0.392,24.38,2.21,1.174,3,6.2,12.1,38.0,42.0,100.0,32.95333333333333,17.37333333333333,20.61,1.0,1,0.9321024923595277,11.278,0.5,0.684,0.55
F016,Kitui Central,Township,-1.19498,37.97208,1,9,7,42,0.92,0.7,0.1,0,1,0,41,43.8,0,1,3,29.71826517684136,19.81082449235921,19.850733526700743,0.341,14.8,1.512,0.967,2,6.2,12.1,38.0,42.0,100.0,32.95333333333333,17.37333333333333,20.61,0.8607079764250578,1,0.9321024923595277,11.278,0.5,0.684,0.35
F017,Kitui Central,Mulango,-1.23103,38.00143,0,6,12,39,2.25,1.65,0.14,0,1,0,41,32.6,1,0,2,33.652309865429096,16.580018960495945,17.067515008286975,0.501,15.48,2.068,1.505,3,6.2,12.1,38.0,42.0,100.0,32.95333333333333,17.37333333333333,20.61,0.8607079764250578,1,0.9321024923595277,11.278,0.5,0.684,0.4
F018,Kitui Central,Kyangwithya West,-1.12486,37.90937,1,7,16,30,1.4,0.83,0.14,0,1,0,40,0.0,1,0,4,35.20723294351225,20.484275757207083,24.466678161433272,0.374,25.89,2.124,1.011,4,6.1,11.0,37.8,43.0,100.0,32.95333333333333,17.37333333333333,20.706666666666667,0.7408182206817179,0,0.8824969025845952,9.707,0.5,0.684,0.15
F019,Kitui Central,Kyangwithya East,-1.22264,37.90038,0,2,12,50,0.53,0.3,0.1,0,1,0,43,0.0,0,0,2,32.89304205822841,18.200340703493563,15.955389820724523,0.374,22.91,1.178,1.064,2,6.2,12.1,38.0,42.0,100.0,32.95333333333333,17.37333333333333,20.61,0.8607079764250578,0,0.9321024923595277,11.278,0.5,0.684,0.0
F020,Kitui Central,Central,-1.26298,38.10125,0,2,4,48,1.38,0.88,0.15,0,3,1,42,29.7,1,0,2,33.4571856755258,17.654365949672933,19.79683522052124,0.553,17.08,2.53,1.584,4,6.2,12.1,38.0,42.0,100.0,32.95333333333333,17.37333333333333,20.61,1.0,1,0.9321024923595277,11.278,0.5,0.684,0.7
F021,Kitui Central,Kyangwithya West,-1.03275,38.15562,1,7,10,29,2.7,1.98,0.18,0,3,0,47,0.0,0,1,3,36.79945392365568,17.22198539899396,21.581997508863456,0.457,17.32,1.978,0.801,3,6.3,11.4,36.5,43.5,100.0,32.95333333333333,17.37333333333333,20.61,0.4723665527410147,0,0.969233234476344,11.049,0.5,0.684,0.1
F022,Kitui Central,Mulango,-1.16806,38.0128,1,10,7,54,0.92,0.73,0.1,0,2,1,43,36.9,0,0,3,35.23823611937766,19.036760500576836,21.616843943828343,0.451,7.85,2.043,1.128,3,6.2,12.1,38.0,42.0,100.0,32.95333333333333,17.37333333333333,20.61,0.8607079764250578,1,0.9321024923595277,11.278,0.5,0.684,0.55
F023,Kitui Central,Central,-1.1446,38.12035,1,5,16,29,1.66,1.21,0.2,0,1,1,41,0.0,1,1,2,32.5680359191215,18.49168095997366,16.61227727390169,0.409,7.06,1.972,0.962,3,6.3,11.4,36.5,43.5,100.0,32.95333333333333,17.37333333333333,20.61,0.8607079764250578,0,0.969233234476344,11.049,0.5,0.684,0.55
F024,Kitui Central,Mulango,-1.26398,38.05616,1,3,8,56,0.75,0.57,0.1,0,0,0,43,12.6,0,1,2,31.551476856999734,19.167452933975035,18.450242492831023,0.425,15.05,1.815,0.968,3,6.2,12.1,38.0,42.0,100.0,32.95333333333333,17.37333333333333,20.61,0.8607079764250578,0,0.9321024923595277,11.278,0.5,0.684,0.1
F025,Kitui Central,Mulango,-1.19355,37.95549,1,4,4,52,1.11,0.76,0.15,0,0,1,45,18.6,0,1,2,34.90912950625905,19.202397411773266,17.50261306970584,0.498,11.98,2.44,1.33,4,6.2,12.1,38.0,42.0,100.0,32.95333333333333,17.37333333333333,20.61,0.6376281516217733,0,0.9321024923595277,11.278,0.5,0.684,0.4
F026,Kitui Central,Kyangwithya East,-1.14113,38.05614,0,8,10,49,2.18,1.64,0.19,0,1,0,44,42.8,0,0,2,34.32442460953695,19.59545236163032,15.0,0.51,22.04,1.649,1.316,2,6.2,12.1,38.0,42.0,100.0,32.95333333333333,17.37333333333333,20.61,0.7408182206817179,1,0.9321024923595277,11.278,0.5,0.684,0.25
F027,Kitui Central,Central,-1.24208,38.1738,1,8,7,39,1.35,0.99,0.1,0,0,0,41,33.9,0,1,2,33.420868701852186,22.0,19.825816854362404,0.36,18.15,1.69,0.927,2,6.2,12.1,38.0,42.0,100.0,32.95333333333333,17.37333333333333,20.61,0.8607079764250578,1,0.9321024923595277,11.278,0.5,0.684,0.35
F028,Kitui Central,Central,-1.11994,38.01642,0,4,16,50,2.43,1.49,0.27,0,0,1,45,42.4,1,1,2,31.780569890814327,18.57144516319733,17.70596150940006,0.345,11.17,1.525,1.05,2,6.2,12.1,38.0,42.0,100.0,32.95333333333333,17.37333333333333,20.61,0.6376281516217733,1,0.9321024923595277,11.278,0.5,0.684,0.8
F029,Kitui Central,Kyangwithya East,-1.19805,38.17646,1,3,16,56,1.51,1.01,0.11,0,3,0,44,0.0,0,1,2,32.331942800212964,17.177767904169368,23.263705711778364,0.544,17.84,1.663,1.296,3,6.3,11.4,36.5,43.5,100.0,32.95333333333333,17.37333333333333,20.61,0.7408182206817179,0,0.969233234476344,11.049,0.5,0.684,0.1
F030,Kitui Central,Kyangwithya West,-1.17334,37.75803,1,2,8,51,4.06,3.0,0.3,0,2,0,41,0.0,0,1,2,32.175456957840275,15.0,21.03793609547168,0.378,13.34,1.458,1.055,2,6.0,10.5,38.2,42.5,100.0,32.95333333333333,17.37333333333333,20.706666666666667,0.8607079764250578,0,0.8225775623986646,8.637,0.5,0.684,0.1
F031,Kitui Central,Mulango,-1.19814,38.10219,1,2,4,35,0.51,0.26,0.1,0,1,0,41,0.0,0,0,1,31.81718867612115,16.348429763256945,19.60350487553527,0.47,45.0,1.773,1.223,4,6.2,12.1,38.0,42.0,100.0,32.95333333333333,17.37333333333333,20.61,0.8607079764250578,0,0.9321024923595277,11.278,0.5,0.684,0.0
F032,Kitui Central,Township,-1.00182,38.0287,0,4,10,47,1.06,0.79,0.1,0,1,0,43,50.3,1,0,2,31.17747409948884,20.72362757135524,18.318251169072827,0.482,19.95,2.103,1.325,4,6.0,10.8,40.1,39.0,100.0,32.95333333333333,17.37333333333333,20.616666666666667,0.8607079764250578,1,0.8225775623986646,8.884,0.5,0.684,0.4
F033,Kitui Central,Mulango,-1.15108,37.9901,0,3,4,57,0.66,0.37,0.1,0,1,0,41,40.1,0,0,3,33.08343699908627,19.795864112191595,19.787790174464188,0.383,7.54,1.417,0.838,3,6.2,12.1,38.0,42.0,100.0,32.95333333333333,17.37333333333333,20.61,0.8607079764250578,1,0.9321024923595277,11.278,0.5,0.684,0.25
F034,Kitui Central,Mulango,-1.23462,38.02918,1,7,0,70,0.68,0.44,0.1,0,0,1,44,36.8,1,0,3,31.078106349307443,16.070025116273012,18.86031546021055,0.435,40.86,2.371,1.358,3,6.2,12.1,38.0,42.0,100.0,32.95333333333333,17.37333333333333,20.61,0.7408182206817179,1,0.9321024923595277,11.278,0.5,0.684,0.7
F035,Kitui Central,Kyangwithya West,-1.0842,37.82124,0,2,12,41,0.69,0.51,0.1,0,3,0,42,48.2,0,0,2,32.89023417601183,22.0,19.67384777223277,0.58,11.98,2.184,1.392,3,6.0,10.5,38.2,42.5,100.0,32.95333333333333,17.37333333333333,20.706666666666667,1.0,1,0.8225775623986646,8.637,0.5,0.684,0.25
F036,Kitui Central,Mulango,-1.24767,37.99803,1,10,7,54,1.31,0.75,0.22,0,1,0,45,0.0,0,0,1,28.0,19.088176059790715,24.25408942707992,0.416,10.1,1.038,0.957,2,6.2,12.1,38.0,42.0,100.0,32.95333333333333,17.37333333333333,20.61,0.6376281516217733,0,0.9321024923595277,11.278,0.5,0.684,0.0
F037,Kitui Central,Kyangwithya East,-1.13329,38.05571,1,5,8,57,1.36,0.78,0.22,0,1,0,43,16.2,0,0,2,31.18027682907821,19.32857009578461,16.838109611630806,0.428,45.0,1.273,1.456,3,6.3,11.4,36.5,43.5,100.0,32.95333333333333,17.37333333333333,20.61,0.8607079764250578,0,0.969233234476344,11.049,0.5,0.684,0.0
F038,Kitui Central,Kyangwithya East,-1.30677,38.16779,0,6,16,34,1.51,0.94,0.13,0,1,0,41,63.6,0,0,2,34.91632424152691,22.0,19.078395328379315,0.455,19.55,1.933,1.392,4,6.2,12.1,38.0,42.0,100.0,32.95333333333333,17.37333333333333,20.61,0.8607079764250578,1,0.9321024923595277,11.278,0.5,0.684,0.25
F039,Kitui Central,Central,-1.25625,37.96817,1,8,7,65,0.65,0.5,0.1,0,0,0,41,54.1,0,0,2,30.51905570397812,21.63102029749078,21.26597100075556,0.347,23.35,1.749,1.166,3,6.2,12.1,38.0,42.0,100.0,32.95333333333333,17.37333333333333,20.61,0.8607079764250578,1,0.9321024923595277,11.278,0.5,0.684,0.25
F040,Kitui Central,Township,-1.13425,37.93915,0,6,7,31,1.0,0.5,0.2,0,1,0,43,0.0,0,0,2,33.80262431429492,19.906047456497888,18.49964789553544,0.433,23.73,1.612,1.083,2,6.1,11.0,37.8,43.0,100.0,32.95333333333333,17.37333333333333,20.706666666666667,0.8607079764250578,0,0.8824969025845952,9.707,0.5,0.684,0.0
F041,Kitui Central,Mulango,-1.09092,37.96982,1,3,14,53,0.7,0.54,0.1,0,2,0,44,22.4,1,0,2,30.70197574992723,19.99258509348726,23.45135460152093,0.541,14.84,1.793,1.426,2,6.1,11.0,37.8,43.0,100.0,32.95333333333333,17.37333333333333,20.706666666666667,0.7408182206817179,0,0.8824969025845952,9.707,0.5,0.684,0.15
F042,Kitui Central,Mulango,-1.13629,38.11154,1,4,4,47,2.0,1.09,0.41,0,2,0,44,61.9,0,0,3,34.206728444945085,20.16101317310756,21.196147882529598,0.506,12.35,1.48,1.309,2,6.3,11.4,36.5,43.5,100.0,32.95333333333333,17.37333333333333,20.61,0.7408182206817179,1,0.969233234476344,11.049,0.5,0.684,0.25
F043,Kitui Central,Kyangwithya West,-1.15925,38.05288,0,2,10,44,0.74,0.59,0.1,0,1,0,42,11.1,1,0,2,31.84636031616321,18.06625916291837,17.70277396207594,0.376,13.4,2.078,0.739,3,6.2,12.1,38.0,42.0,100.0,32.95333333333333,17.37333333333333,20.61,1.0,0,0.9321024923595277,11.278,0.5,0.684,0.15
F044,Kitui Central,Kyangwithya East,-1.17409,37.96702,0,4,16,74,1.06,0.83,0.1,0,1,0,42,58.3,0,0,2,31.75937747039637,19.016227215579555,20.010171755687452,0.389,36.76,1.83,1.143,3,6.2,12.1,38.0,42.0,100.0,32.95333333333333,17.37333333333333,20.61,1.0,1,0.9321024923595277,11.278,0.5,0.684,0.25
F045,Kitui Central,Township,-1.26828,38.07133,1,8,14,40,1.63,1.06,0.24,0,1,1,40,30.4,0,1,3,32.619573252803434,19.533776889334483,17.7384781645305,0.463,18.21,2.356,1.456,4,6.2,12.1,38.0,42.0,100.0,32.95333333333333,17.37333333333333,20.61,0.7408182206817179,1,0.9321024923595277,11.278,0.5,0.684,0.65
F046,Mwingi Central,Ngomeni,-0.90621,38.09037,0,6,8,40,0.85,0.56,0.1,0,3,1,43,74.0,0,0,2,29.54446067233227,18.27179133011886,17.508354214114764,0.582,31.7,2.857,1.706,4,6.0,10.8,40.1,39.0,100.0,32.95333333333333,17.37333333333333,20.616666666666667,0.8607079764250578,1,0.8225775623986646,8.884,0.5,0.684,0.55
F047,Mwingi Central,Kyuso,-0.93052,38.14627,1,4,7,59,1.75,1.13,0.19,1,1,0,41,0.0,1,0,1,34.63859980126421,16.762244882512004,19.14950505072605,0.436,15.83,2.14,1.186,3,5.9,9.5,41.0,38.2,100.0,32.95333333333333,17.37333333333333,20.616666666666667,0.8607079764250578,0,0.7548396019890076,7.171,0.5,0.684,0.35
F048,Mwingi Central,Nguutani,-0.87629,38.08573,0,5,7,53,2.88,1.99,0.4,0,1,1,42,21.5,0,0,2,35.367553571334625,18.0209652776444,22.65940290475445,0.336,11.27,1.588,1.39,3,5.9,9.5,41.0,38.2,100.0,32.95333333333333,17.37333333333333,20.616666666666667,1.0,0,0.7548396019890076,7.171,0.5,0.684,0.3
F049,Mwingi Central,Ngomeni,-1.01049,37.96048,0,3,12,59,1.33,0.7,0.14,0,1,1,43,0.0,0,1,2,31.70793070661109,16.721721305769343,21.363612599461792,0.402,8.0,2.129,1.253,2,6.1,11.0,37.8,43.0,100.0,32.95333333333333,17.37333333333333,20.706666666666667,0.8607079764250578,0,0.8824969025845952,9.707,0.5,0.684,0.4
F050,Mwingi Central,Nguutani,-0.98427,38.16444,0,4,12,45,1.97,1.0,0.33,0,1,0,46,0.0,0,1,3,33.653249175983404,18.61587062757001,19.44355598375686,0.463,22.74,1.497,1.059,2,6.0,10.8,40.1,39.0,100.0,32.95333333333333,17.37333333333333,20.616666666666667,0.5488116360940264,0,0.8225775623986646,8.884,0.5,0.684,0.1
F051,Mwingi Central,Ngomeni,-0.87588,38.18926,0,4,8,47,0.38,0.2,0.1,0,1,0,42,0.0,0,1,2,34.213603496466526,15.295177126388277,21.452965487005983,0.356,38.36,1.268,0.923,3,5.9,9.5,41.0,38.2,100.0,32.95333333333333,17.37333333333333,20.616666666666667,1.0,0,0.7548396019890076,7.171,0.5,0.684,0.1
F052,Mwingi Central,Nguutani,-0.98613,38.13611,0,3,7,66,0.95,0.6,0.12,0,1,1,42,125.3,0,1,2,32.29923338487042,19.113869318913583,20.17154677603957,0.396,10.56,2.268,1.19,3,6.0,10.8,40.1,39.0,100.0,32.95333333333333,17.37333333333333,20.616666666666667,1.0,1,0.8225775623986646,8.884,0.5,0.684,0.65
F053,Mwingi Central,Kyuso,-0.83312,37.9841,1,6,4,33,1.33,0.77,0.14,0,1,1,43,18.5,0,0,2,30.061856264020697,15.563705907977305,16.57526743593678,0.377,21.26,2.028,1.104,3,5.7,9.1,42.0,37.5,100.0,32.95333333333333,17.37333333333333,19.473333333333333,0.8607079764250578,0,0.6065306597126335,5.519,0.5,0.684,0.3
F054,Mwingi Central,Ngomeni,-0.83164,38.00239,0,6,4,42,0.67,0.46,0.1,0,3,0,43,0.0,0,0,1,36.00698069029406,17.77374849201259,19.137155952029225,0.371,8.27,0.964,1.051,2,5.7,9.1,42.0,37.5,100.0,32.95333333333333,17.37333333333333,19.473333333333333,0.8607079764250578,0,0.6065306597126335,5.519,0.5,0.684,0.0
F055,Mwingi Central,Kyuso,-0.83254,37.96826,0,7,10,53,1.34,1.07,0.1,0,1,1,42,0.0,0,0,3,31.636452249156644,19.407381934065523,19.317101010046336,0.355,12.46,1.585,1.263,2,5.7,9.1,42.0,37.5,100.0,32.95333333333333,17.37333333333333,19.473333333333333,1.0,0,0.6065306597126335,5.519,0.5,0.684,0.3
F056,Mwingi Central,Ngomeni,-0.99164,38.1393,0,4,8,41,2.14,1.32,0.27,0,3,0,45,23.3,1,1,3,31.159903507729616,19.924064080722555,21.404225842314904,0.402,18.8,1.547,0.852,3,6.0,10.8,40.1,39.0,100.0,32.95333333333333,17.37333333333333,20.616666666666667,0.6376281516217733,0,0.8225775623986646,8.884,0.5,0.684,0.25
F057,Mwingi Central,Kyuso,-0.92462,38.18416,0,2,14,37,0.43,0.29,0.1,0,1,1,44,0.0,0,1,2,36.10534224893464,19.710246575990304,18.08382374849476,0.363,6.93,1.521,1.092,2,5.9,9.5,41.0,38.2,100.0,32.95333333333333,17.37333333333333,20.616666666666667,0.7408182206817179,0,0.7548396019890076,7.171,0.5,0.684,0.4
F058,Mwingi Central,Kyuso,-0.96454,38.1082,0,5,10,51,0.62,0.39,0.1,0,3,1,42,26.7,0,1,2,33.842129288623646,19.075521046052984,17.218338560848075,0.507,16.3,2.33,1.386,4,6.0,10.8,40.1,39.0,100.0,32.95333333333333,17.37333333333333,20.616666666666667,1.0,1,0.8225775623986646,8.884,0.5,0.684,0.65
F059,Mwingi Central,Ngomeni,-0.86538,38.15465,1,5,7,60,1.33,1.0,0.11,1,2,0,42,23.5,0,0,2,33.06634616732763,16.485308032554514,19.386132608032984,0.352,10.82,2.047,1.325,3,5.9,9.5,41.0,38.2,100.0,32.95333333333333,17.37333333333333,20.616666666666667,1.0,0,0.7548396019890076,7.171,0.5,0.684,0.2
F060,Mwingi Central,Ngomeni,-0.81054,37.99191,1,8,8,42,1.54,1.19,0.13,0,1,1,43,20.9,1,1,3,30.364326540514387,20.265095038760165,17.886438740013617,0.425,22.25,2.463,1.325,4,5.7,9.1,42.0,37.5,100.0,32.95333333333333,17.37333333333333,19.473333333333333,0.8607079764250578,0,0.6065306597126335,5.519,0.5,0.684,0.55
F061,Mwingi Central,Ngomeni,-0.86885,38.08313,0,7,8,41,1.8,1.37,0.15,0,3,0,44,18.2,0,0,1,34.266168928069085,16.5264775438908,18.69122695104091,0.41,15.14,1.547,1.109,3,5.9,9.5,41.0,38.2,100.0,32.95333333333333,17.37333333333333,20.616666666666667,0.7408182206817179,0,0.7548396019890076,7.171,0.5,0.684,0.0
F062,Mwingi Central,Kivou,-0.92936,37.94671,1,4,8,36,1.27,1.01,0.1,1,0,1,40,34.4,0,0,1,37.0,20.470236476817785,19.297801067772184,0.454,26.3,2.039,1.526,3,5.7,9.1,42.0,37.5,100.0,32.95333333333333,17.37333333333333,19.473333333333333,0.7408182206817179,1,0.6065306597126335,5.519,0.5,0.684,0.75
F063,Mwingi Central,Nguutani,-0.95559,38.00054,1,3,10,40,1.54,0.78,0.28,0,3,1,43,0.0,0,0,2,34.43711686053279,19.62986856346707,18.542389590688863,0.449,14.3,1.461,1.332,3,6.0,10.8,40.1,39.0,100.0,32.95333333333333,17.37333333333333,20.616666666666667,0.8607079764250578,0,0.8225775623986646,8.884,0.5,0.684,0.3
F064,Mwingi Central,Kivou,-0.88456,38.14908,0,6,12,57,1.97,1.48,0.12,1,1,0,43,51.3,0,1,2,33.59139469184364,20.94602272653117,21.90795685713204,0.41,8.32,2.205,1.457,3,5.9,9.5,41.0,38.2,100.0,32.95333333333333,17.37333333333333,20.616666666666667,0.8607079764250578,1,0.7548396019890076,7.171,0.5,0.684,0.55
F065,Mwingi Central,Kivou,-1.0156,38.04844,1,5,12,44,0.95,0.69,0.1,0,0,0,42,44.2,0,0,2,34.08640415226941,18.544763271229336,23.035737765011053,0.417,7.82,1.373,1.211,2,6.3,11.4,36.5,43.5,100.0,32.95333333333333,17.37333333333333,20.61,1.0,1,0.969233234476344,11.049,0.5,0.684,0.25
F066,Mwingi Central,Kyuso,-0.89246,38.17884,1,6,7,34,0.86,0.49,0.1,0,1,0,43,19.0,1,1,1,31.778146267029207,17.02622460702016,21.657276857395537,0.392,6.33,1.448,0.906,3,5.9,9.5,41.0,38.2,100.0,32.95333333333333,17.37333333333333,20.616666666666667,0.8607079764250578,0,0.7548396019890076,7.171,0.5,0.684,0.25
F067,Mwingi Central,Ngomeni,-0.99403,38.11842,0,11,0,47,1.09,0.86,0.1,0,3,1,46,35.3,1,0,2,31.757168394895075,16.17322545651335,15.07200708711284,0.472,22.57,1.985,1.35,2,6.0,10.8,40.1,39.0,100.0,32.95333333333333,17.37333333333333,20.616666666666667,0.5488116360940264,1,0.8225775623986646,8.884,0.5,0.684,0.7
F068,Mwingi Central,Nguutani,-0.88656,38.3161,0,2,10,56,1.34,0.73,0.13,0,0,0,40,25.8,0,1,2,31.729019934680323,16.373157197768734,17.895065844245416,0.346,45.0,1.418,1.341,3,5.9,9.5,41.0,38.2,100.0,32.95333333333333,17.37333333333333,20.616666666666667,0.7408182206817179,1,0.7548396019890076,7.171,0.5,0.684,0.35
F069,Mwingi Central,Kyuso,-0.94127,38.07844,1,4,4,37,0.83,0.58,0.1,0,1,1,42,0.0,0,0,2,31.23511009814887,15.553805452507376,19.053369702419516,0.387,20.44,1.75,1.394,2,6.0,10.8,40.1,39.0,100.0,32.95333333333333,17.37333333333333,20.616666666666667,1.0,0,0.8225775623986646,8.884,0.5,0.684,0.3
F070,Mwingi Central,Kivou,-0.95718,37.94342,1,5,7,28,0.96,0.54,0.16,1,2,0,42,0.0,0,0,3,31.72462129529276,20.195605250485816,15.0,0.449,37.94,1.902,1.41,3,5.8,8.8,41.5,38.0,100.0,32.95333333333333,17.37333333333333,19.473333333333333,1.0,0,0.681940751190348,6.001,0.5,0.684,0.2
F071,Mwingi Central,Ngomeni,-0.99199,38.06689,0,4,0,70,1.49,0.94,0.17,0,2,0,45,0.0,0,1,1,31.714364177052374,20.42135051545832,17.310270707126797,0.312,28.99,1.379,0.799,3,6.0,10.8,40.1,39.0,100.0,32.95333333333333,17.37333333333333,20.616666666666667,0.6376281516217733,0,0.8225775623986646,8.884,0.5,0.684,0.1
F072,Mwingi Central,Kyuso,-0.95497,37.98333,1,7,10,27,1.31,0.94,0.1,0,1,0,46,0.0,0,1,2,31.96169408056491,19.496659865462327,19.021425076918625,0.391,12.69,1.636,0.926,3,5.7,9.1,42.0,37.5,100.0,32.95333333333333,17.37333333333333,19.473333333333333,0.5488116360940264,0,0.6065306597126335,5.519,0.5,0.684,0.1
F073,Mwingi Central,Ngomeni,-0.89107,38.15795,1,11,4,39,1.08,0.72,0.12,0,1,1,42,19.8,0,1,3,31.90010833052378,18.440526358268094,18.377564797177342,0.39,30.96,2.496,1.311,4,5.9,9.5,41.0,38.2,100.0,32.95333333333333,17.37333333333333,20.616666666666667,1.0,0,0.7548396019890076,7.171,0.5,0.684,0.4
F074,Mwingi Central,Kyuso,-0.85693,38.07378,1,7,8,46,0.46,0.29,0.1,0,0,1,44,17.9,1,1,2,33.034626085421344,22.0,19.521625443272296,0.416,12.95,2.23,1.465,3,5.9,9.5,41.0,38.2,100.0,32.95333333333333,17.37333333333333,20.616666666666667,0.7408182206817179,0,0.7548396019890076,7.171,0.5,0.684,0.55
F075,Mwingi Central,Ngomeni,-0.89315,38.05765,1,5,16,40,1.19,0.71,0.18,0,1,1,43,109.2,0,1,2,32.67334464005726,18.323332730664784,16.047929096807614,0.426,13.07,2.168,1.168,4,6.0,10.8,40.1,39.0,100.0,32.95333333333333,17.37333333333333,20.616666666666667,0.8607079764250578,1,0.8225775623986646,8.884,0.5,0.684,0.65
F076,Mwingi Central,Kivou,-0.83453,38.05883,1,2,0,43,0.7,0.53,0.1,0,1,1,43,40.5,0,0,3,32.868197397725744,18.89765025465901,18.34929412320791,0.411,14.82,2.161,1.403,4,5.9,9.5,41.0,38.2,100.0,32.95333333333333,17.37333333333333,20.616666666666667,0.8607079764250578,1,0.7548396019890076,7.171,0.5,0.684,0.55
F077,Mwingi Central,Nguutani,-0.75226,38.13663,0,4,0,50,2.06,1.12,0.32,0,3,1,42,0.0,0,1,2,35.84905463935786,18.413867276007583,19.87977437681645,0.497,15.17,1.895,1.349,3,5.8,8.2,35.5,45.0,100.0,33.42,17.913333333333334,20.616666666666667,1.0,0,0.681940751190348,5.592,0.5,0.71,0.4
F078,Mwingi Central,Kivou,-0.95271,38.02928,0,5,7,20,1.01,0.64,0.12,0,0,0,42,39.4,0,0,3,32.668815325176325,17.891045480365793,19.52550367856217,0.33,22.89,1.774,0.896,2,6.0,10.8,40.1,39.0,100.0,32.95333333333333,17.37333333333333,20.616666666666667,1.0,1,0.8225775623986646,8.884,0.5,0.684,0.25
F079,Mwingi Central,Nguutani,-0.94441,38.13993,1,8,12,28,0.69,0.53,0.1,0,2,0,42,62.6,0,0,2,37.0,19.63575408169597,20.617233944119707,0.351,11.76,1.838,1.039,2,5.9,9.5,41.0,38.2,100.0,32.95333333333333,17.37333333333333,20.616666666666667,1.0,1,0.7548396019890076,7.171,0.5,0.684,0.25
F080,Mwingi Central,Ngomeni,-1.0308,38.1641,1,8,7,44,1.16,0.87,0.1,0,0,0,43,0.0,1,0,2,33.27591698760975,17.35970595943186,20.471435904993832,0.568,25.65,1.508,1.007,2,6.3,11.4,36.5,43.5,100.0,32.95333333333333,17.37333333333333,20.61,0.8607079764250578,0,0.969233234476344,11.049,0.5,0.684,0.15
F081,Mwingi Central,Kyuso,-0.84665,38.03921,0,7,8,39,2.41,1.49,0.3,0,1,1,40,0.0,0,1,2,31.51602890005776,17.23895991227365,18.482232578114587,0.395,25.47,2.186,1.259,3,5.9,9.5,41.0,38.2,100.0,32.95333333333333,17.37333333333333,20.616666666666667,0.7408182206817179,0,0.7548396019890076,7.171,0.5,0.684,0.4
F082,Mwingi Central,Kivou,-0.83904,37.98666,1,4,0,45,1.69,1.23,0.12,0,1,1,45,0.0,1,1,2,35.4690831259034,19.72664489373684,19.800297207687805,0.416,19.52,2.606,1.218,3,5.7,9.1,42.0,37.5,100.0,32.95333333333333,17.37333333333333,19.473333333333333,0.6376281516217733,0,0.6065306597126335,5.519,0.5,0.684,0.55
F083,Mwingi Central,Nguutani,-0.9907,38.02383,1,6,10,46,1.35,1.01,0.1,0,1,0,41,10.0,1,0,3,32.32504001104196,17.604304940187788,17.500017263262407,0.336,43.37,1.679,1.199,3,6.0,10.8,40.1,39.0,100.0,32.95333333333333,17.37333333333333,20.616666666666667,0.8607079764250578,0,0.8225775623986646,8.884,0.5,0.684,0.15
F084,Mwingi Central,Kivou,-0.88677,38.13391,0,2,8,20,0.58,0.44,0.1,0,2,1,42,38.7,1,1,3,28.0,18.740267650535323,18.82442920243178,0.467,31.3,2.773,1.636,4,5.9,9.5,41.0,38.2,100.0,32.95333333333333,17.37333333333333,20.616666666666667,1.0,1,0.7548396019890076,7.171,0.5,0.684,0.8
F085,Mwingi Central,Nguutani,-0.84481,38.07832,1,6,10,59,2.92,1.94,0.22,0,3,1,43,39.1,0,1,3,32.49119308796259,17.885609384425653,16.860956320125734,0.428,28.07,1.925,1.251,4,5.9,9.5,41.0,38.2,100.0,32.95333333333333,17.37333333333333,20.616666666666667,0.8607079764250578,1,0.7548396019890076,7.171,0.5,0.684,0.65
F086,Mwingi North,Waita,-0.56684,37.96732,1,5,14,38,0.85,0.48,0.12,0,1,0,44,5.0,0,0,4,31.951813156523293,18.479207663192035,22.163561080690645,0.313,17.0,1.523,0.703,3,5.8,8.2,35.5,45.0,100.0,33.42,17.913333333333334,20.616666666666667,0.7408182206817179,0,0.681940751190348,5.592,0.5,0.71,0.0
F087,Mwingi North,Nguni,-0.59083,38.28437,1,6,7,33,2.0,1.15,0.3,0,3,0,41,22.8,0,0,3,36.03440424983434,17.288079586760077,18.81626424867317,0.367,19.61,1.113,1.011,3,5.7,7.9,34.2,46.1,100.0,33.42,17.913333333333334,20.616666666666667,0.8607079764250578,0,0.6065306597126335,4.792,0.5,0.71,0.0
F088,Mwingi North,Nguni,-0.64374,38.02693,0,6,12,46,1.0,0.59,0.1,0,3,0,42,18.1,0,1,2,30.525353292999192,17.34694024505163,22.15985861557016,0.34,21.37,1.578,1.13,3,5.8,8.2,35.5,45.0,100.0,33.42,17.913333333333334,20.616666666666667,1.0,0,0.681940751190348,5.592,0.5,0.71,0.1
F089,Mwingi North,Waita,-0.64767,37.97201,0,3,0,45,1.9,1.29,0.27,0,1,0,46,0.0,0,0,2,31.7681594002278,17.024482180741487,20.278740171721115,0.363,16.55,1.381,0.894,3,5.8,8.2,35.5,45.0,100.0,33.42,17.913333333333334,20.616666666666667,0.5488116360940264,0,0.681940751190348,5.592,0.5,0.71,0.0
F090,Mwingi North,Waita,-0.74068,38.07626,1,3,12,58,2.46,1.25,0.24,0,2,1,42,18.1,1,1,2,35.28880662733301,20.01799419775061,17.285844345859424,0.362,13.63,1.043,0.872,2,5.8,8.2,35.5,45.0,100.0,33.42,17.913333333333334,20.616666666666667,1.0,0,0.681940751190348,5.592,0.5,0.71,0.55
F091,Mwingi North,Waita,-0.76505,38.2872,0,5,8,47,1.71,1.18,0.21,0,1,0,42,0.0,0,0,1,33.3676987719932,18.809392701652392,20.1277664975038,0.324,4.94,1.172,0.904,4,5.9,9.5,41.0,38.2,100.0,32.95333333333333,17.37333333333333,20.616666666666667,1.0,0,0.7548396019890076,7.171,0.5,0.684,0.0
F092,Mwingi North,Waita,-0.64845,38.09806,0,2,12,57,1.81,1.1,0.25,0,0,0,44,0.0,0,0,3,32.12279498505911,20.1533914828286,21.524295662719613,0.396,23.54,1.881,1.023,3,5.8,8.2,35.5,45.0,100.0,33.42,17.913333333333334,20.616666666666667,0.7408182206817179,0,0.681940751190348,5.592,0.5,0.71,0.0
F093,Mwingi North,Nguni,-0.71992,38.00674,0,5,0,32,1.13,0.67,0.13,0,2,1,41,18.4,0,1,2,30.83573153375933,20.34569581617913,19.30604802099372,0.346,27.68,1.445,1.481,3,5.8,8.2,35.5,45.0,100.0,33.42,17.913333333333334,20.616666666666667,0.8607079764250578,0,0.681940751190348,5.592,0.5,0.71,0.4
F094,Mwingi North,Tseikuru,-0.66277,37.97051,0,4,4,45,0.94,0.72,0.1,0,0,1,43,0.0,0,1,1,33.273840599125066,17.67215421115579,19.685073380853098,0.384,9.2,1.706,1.151,3,5.8,8.2,35.5,45.0,100.0,33.42,17.913333333333334,20.616666666666667,0.8607079764250578,0,0.681940751190348,5.592,0.5,0.71,0.4
F095,Mwingi North,Waita,-0.69743,38.08949,0,3,8,30,1.29,0.82,0.17,0,1,1,42,70.9,0,1,1,32.435537484919806,20.08685297189941,18.121356729112303,0.301,22.26,1.357,1.148,3,5.8,8.2,35.5,45.0,100.0,33.42,17.913333333333334,20.616666666666667,1.0,1,0.681940751190348,5.592,0.5,0.71,0.65
F096,Mwingi North,Waita,-0.78519,37.9005,0,5,8,45,0.99,0.52,0.14,0,2,0,42,43.0,1,1,2,30.810775616544166,18.47458270051982,19.56025806619337,0.393,12.23,1.698,1.165,3,5.7,9.1,42.0,37.5,100.0,32.95333333333333,17.37333333333333,19.473333333333333,1.0,1,0.6065306597126335,5.519,0.5,0.684,0.5
F097,Mwingi North,Nguni,-0.63499,37.96998,0,9,7,42,4.65,3.0,0.72,0,0,0,42,0.0,1,1,2,30.925137609078696,18.214387690137347,20.094745472005357,0.356,13.69,1.086,0.906,3,5.8,8.2,35.5,45.0,100.0,33.42,17.913333333333334,20.616666666666667,1.0,0,0.681940751190348,5.592,0.5,0.71,0.25
F098,Mwingi North,Nguni,-0.68902,38.25431,0,5,8,42,0.69,0.35,0.11,0,1,1,41,18.4,1,1,2,30.70816134822082,20.754260773989397,18.052960464703723,0.4,31.67,2.014,1.161,4,5.7,7.9,34.2,46.1,100.0,33.42,17.913333333333334,20.616666666666667,0.8607079764250578,0,0.6065306597126335,4.792,0.5,0.71,0.55
F099,Mwingi North,Tharaka,-0.65439,38.23233,1,5,4,42,2.08,1.49,0.26,0,3,0,42,0.0,1,0,2,30.316377649719463,19.496783233067777,16.801760158300866,0.401,10.02,1.761,1.007,3,5.7,7.9,34.2,46.1,100.0,33.42,17.913333333333334,20.616666666666667,1.0,0,0.6065306597126335,4.792,0.5,0.71,0.15
F100,Mwingi North,Waita,-0.72252,38.08716,1,9,8,52,1.59,1.16,0.11,0,1,0,40,71.4,1,0,2,34.55487427193914,17.865636340885292,22.719926248957982,0.395,10.01,1.684,0.907,3,5.8,8.2,35.5,45.0,100.0,33.42,17.913333333333334,20.616666666666667,0.7408182206817179,1,0.681940751190348,5.592,0.5,0.71,0.4
F101,Mwingi North,Tharaka,-0.68344,38.05343,0,8,12,24,1.36,0.82,0.21,0,1,0,44,0.0,0,0,3,34.258665388964964,19.379827967947968,21.010301264961853,0.438,40.55,1.481,1.373,2,5.8,8.2,35.5,45.0,100.0,33.42,17.913333333333334,20.616666666666667,0.7408182206817179,0,0.681940751190348,5.592,0.5,0.71,0.0
F102,Mwingi North,Nguni,-0.55077,38.10585,1,2,8,33,2.7,2.02,0.24,0,2,0,42,26.8,1,1,2,34.55848380404875,16.22171722609474,18.13085473657154,0.309,15.29,1.431,0.962,2,5.7,7.9,34.2,46.1,100.0,33.42,17.913333333333334,20.616666666666667,1.0,1,0.6065306597126335,4.792,0.5,0.71,0.5
F103,Mwingi North,Nguni,-0.651,38.3348,0,9,0,43,1.41,0.92,0.19,0,1,0,42,10.4,0,0,1,32.509899007290755,18.94516336605131,20.049143142895137,0.482,30.67,1.321,0.891,3,5.7,7.9,34.2,46.1,100.0,33.42,17.913333333333334,20.616666666666667,1.0,0,0.6065306597126335,4.792,0.5,0.71,0.0
F104,Mwingi North,Tseikuru,-0.62153,38.1405,1,4,8,29,0.84,0.54,0.1,0,1,0,45,55.8,0,1,2,31.966216666839657,15.800735208455269,15.803553330817529,0.437,7.39,1.288,0.752,2,5.7,7.9,34.2,46.1,100.0,33.42,17.913333333333334,20.616666666666667,0.6376281516217733,1,0.6065306597126335,4.792,0.5,0.71,0.35
F105,Mwingi North,Waita,-0.74896,38.19097,1,7,0,44,1.41,0.72,0.25,1,3,0,43,0.0,1,0,2,32.00635935823906,16.72808067343727,15.0,0.3,7.7,1.469,1.019,3,5.8,8.2,35.5,45.0,100.0,33.42,17.913333333333334,20.616666666666667,0.8607079764250578,0,0.681940751190348,5.592,0.5,0.71,0.35
F106,Mwingi North,Tharaka,-0.49277,38.07975,1,5,16,43,1.08,0.63,0.15,0,2,0,40,0.0,0,1,1,34.74642346039344,19.552351456884413,22.210332718694502,0.18,10.42,0.519,0.397,2,5.7,7.9,34.2,46.1,100.0,33.42,17.913333333333334,20.616666666666667,0.7408182206817179,0,0.6065306597126335,4.792,0.5,0.71,0.1
F107,Mwingi North,Nguni,-0.53096,38.10609,1,7,4,27,1.58,1.23,0.13,0,1,0,46,0.0,0,1,2,28.495674791609176,15.0,20.07387785065385,0.439,12.93,1.371,1.139,3,5.7,7.9,34.2,46.1,100.0,33.42,17.913333333333334,20.616666666666667,0.5488116360940264,0,0.6065306597126335,4.792,0.5,0.71,0.1
F108,Mwingi North,Nguni,-0.56456,38.16472,1,8,10,26,1.87,1.15,0.2,1,2,0,42,14.7,0,0,1,31.36813057261367,21.74452134633456,19.38074382628846,0.4,8.15,1.916,1.249,3,5.7,7.9,34.2,46.1,100.0,33.42,17.913333333333334,20.616666666666667,1.0,0,0.6065306597126335,4.792,0.5,0.71,0.2
F109,Mwingi North,Tharaka,-0.60199,38.11261,1,5,16,20,0.75,0.5,0.11,0,3,1,41,0.0,0,1,2,30.547839619490283,20.00208689726828,20.081643012032384,0.409,19.78,2.254,1.472,4,5.7,7.9,34.2,46.1,100.0,33.42,17.913333333333334,20.616666666666667,0.8607079764250578,0,0.6065306597126335,4.792,0.5,0.71,0.4
F110,Mwingi North,Tseikuru,-0.65894,37.91026,0,4,12,29,2.31,1.52,0.17,1,1,0,44,0.0,1,0,2,35.4917526024945,15.190640379518472,25.0,0.222,20.44,2.183,0.92,4,5.8,8.2,35.5,45.0,100.0,33.42,17.913333333333334,20.616666666666667,0.7408182206817179,0,0.681940751190348,5.592,0.5,0.71,0.35
F111,Mwingi North,Nguni,-0.62905,38.22805,0,8,10,44,1.04,0.7,0.14,0,1,0,43,0.0,0,0,2,31.44959344841634,22.0,21.67273821561331,0.34,10.5,1.33,0.768,3,5.7,7.9,34.2,46.1,100.0,33.42,17.913333333333334,20.616666666666667,0.8607079764250578,0,0.6065306597126335,4.792,0.5,0.71,0.0
F112,Mwingi North,Waita,-0.58664,38.03849,1,8,12,45,1.53,0.79,0.31,0,1,0,42,43.9,0,1,3,28.900824562032497,22.0,16.886399334062983,0.318,10.92,1.665,0.696,3,5.8,8.2,35.5,45.0,100.0,33.42,17.913333333333334,20.616666666666667,1.0,1,0.681940751190348,5.592,0.5,0.71,0.35
F113,Mwingi North,Nguni,-0.704,38.31113,0,5,16,46,1.68,1.02,0.27,0,2,0,42,0.0,0,0,2,32.99153201294294,18.17511501381847,15.299059020199188,0.233,11.67,1.075,0.919,3,5.7,7.9,34.2,46.1,100.0,33.42,17.913333333333334,20.616666666666667,1.0,0,0.6065306597126335,4.792,0.5,0.71,0.0
F114,Mwingi North,Waita,-0.69111,38.16868,1,3,8,34,1.47,1.05,0.14,0,1,0,43,0.0,0,1,4,31.68574877123339,16.832319683539563,22.13633940839854,0.359,9.18,1.454,0.871,3,5.8,8.2,35.5,45.0,100.0,33.42,17.913333333333334,20.616666666666667,0.8607079764250578,0,0.681940751190348,5.592,0.5,0.71,0.1
F115,Mwingi North,Tharaka,-0.77684,38.1071,0,4,8,43,1.13,0.63,0.15,0,1,0,42,33.6,1,0,2,31.274756623093083,21.53534643356516,21.640239635575018,0.328,3.87,1.7,0.564,4,5.9,9.5,41.0,38.2,100.0,32.95333333333333,17.37333333333333,20.616666666666667,1.0,1,0.7548396019890076,7.171,0.5,0.684,0.4
F116,Mwingi North,Waita,-0.71403,38.14393,0,6,8,48,0.92,0.52,0.18,0,3,1,45,0.0,0,0,2,31.04792969520318,17.881177752607535,20.937651918876103,0.277,15.76,1.425,1.01,3,5.8,8.2,35.5,45.0,100.0,33.42,17.913333333333334,20.616666666666667,0.6376281516217733,0,0.681940751190348,5.592,0.5,0.71,0.3
F117,Mwingi North,Tharaka,-0.54371,38.08915,0,8,8,28,1.03,0.52,0.13,0,2,0,42,0.0,0,1,3,30.961133485846226,18.789871114063136,17.467802422751518,0.406,13.26,1.507,0.936,2,5.7,7.9,34.2,46.1,100.0,33.42,17.913333333333334,20.616666666666667,1.0,0,0.6065306597126335,4.792,0.5,0.71,0.1
F118,Mwingi North,Waita,-0.6834,38.05136,0,7,8,45,2.83,1.79,0.35,0,1,0,45,51.4,1,0,3,34.05883269268462,20.691121521060985,20.40821347470994,0.31,13.96,1.711,0.802,2,5.8,8.2,35.5,45.0,100.0,33.42,17.913333333333334,20.616666666666667,0.6376281516217733,1,0.681940751190348,5.592,0.5,0.71,0.4
F119,Mwingi North,Tharaka,-0.68225,38.12076,1,6,8,51,0.74,0.57,0.1,0,1,1,43,27.6,1,1,2,32.99233220642726,18.223679365172245,17.691637078141337,0.409,9.92,2.156,1.332,3,5.8,8.2,35.5,45.0,100.0,33.42,17.913333333333334,20.616666666666667,0.8607079764250578,1,0.681940751190348,5.592,0.5,0.71,0.8
F120,Mwingi North,Waita,-0.63776,38.1885,0,4,7,38,0.81,0.42,0.15,0,1,0,44,32.4,1,1,2,32.06447533761283,18.06610234943,21.156954715052404,0.404,24.66,2.1,0.945,4,5.7,7.9,34.2,46.1,100.0,33.42,17.913333333333334,20.616666666666667,0.7408182206817179,1,0.6065306597126335,4.792,0.5,0.71,0.5
F121,Mwingi North,Tseikuru,-0.77286,38.05355,0,6,4,56,0.79,0.44,0.1,1,1,0,44,46.4,1,0,1,30.08387447093806,16.209689041030607,21.95664226818085,0.403,45.0,2.208,1.7,4,5.8,8.2,35.5,45.0,100.0,33.42,17.913333333333334,20.616666666666667,0.7408182206817179,1,0.681940751190348,5.592,0.5,0.71,0.6
F122,Mwingi North,Waita,-0.59382,38.03778,0,3,0,38,1.29,0.77,0.19,0,1,0,43,0.0,0,0,1,32.12843468854658,17.365022427671573,18.141318102926164,0.499,10.84,1.588,1.129,3,5.8,8.2,35.5,45.0,100.0,33.42,17.913333333333334,20.616666666666667,0.8607079764250578,0,0.681940751190348,5.592,0.5,0.71,0.0
F123,Mwingi North,Waita,-0.57135,38.06445,0,6,7,33,0.52,0.37,0.1,0,3,1,42,27.7,0,0,2,33.07338128672006,18.03061427673908,22.32952540303856,0.408,33.11,1.932,1.261,3,5.7,7.9,34.2,46.1,100.0,33.42,17.913333333333334,20.616666666666667,1.0,1,0.6065306597126335,4.792,0.5,0.71,0.55
F124,Mwingi North,Tseikuru,-0.63359,38.1952,1,5,0,50,0.57,0.39,0.1,0,1,0,42,0.0,0,0,2,33.15703978617088,16.2705862597376,19.787130998906772,0.392,19.75,1.524,1.035,3,5.7,7.9,34.2,46.1,100.0,33.42,17.913333333333334,20.616666666666667,1.0,0,0.6065306597126335,4.792,0.5,0.71,0.0
F125,Mwingi North,Nguni,-0.54441,38.24526,0,5,8,68,1.04,0.65,0.17,0,1,0,42,0.0,1,0,2,32.85394564258189,16.43371552722312,20.72968303110496,0.416,16.74,1.598,1.147,3,5.7,7.9,34.2,46.1,100.0,33.42,17.913333333333334,20.616666666666667,1.0,0,0.6065306597126335,4.792,0.5,0.71,0.15
F126,Mwingi West,Nuu,-0.93139,37.83435,1,3,7,45,0.59,0.43,0.1,0,2,0,45,27.1,0,0,1,30.47029613297944,18.560482369959185,16.22591659077299,0.268,13.85,0.955,0.487,2,5.8,8.8,41.5,38.0,100.0,32.95333333333333,17.37333333333333,19.473333333333333,0.6376281516217733,1,0.681940751190348,6.001,0.5,0.684,0.25
F127,Mwingi West,Nuu,-0.84305,37.88247,0,7,12,51,0.62,0.42,0.1,0,1,1,44,0.0,0,0,3,28.0,15.170532537790471,20.08053626488725,0.314,15.77,1.382,0.985,3,5.7,9.1,42.0,37.5,100.0,32.95333333333333,17.37333333333333,19.473333333333333,0.7408182206817179,0,0.6065306597126335,5.519,0.5,0.684,0.3
F128,Mwingi West,Kauwi,-0.91435,37.92254,1,8,0,37,0.59,0.45,0.1,0,1,0,42,0.0,0,0,3,36.45916127211425,16.917506571881603,17.81103903146333,0.403,29.22,1.504,1.198,3,5.7,9.1,42.0,37.5,100.0,32.95333333333333,17.37333333333333,19.473333333333333,1.0,0,0.6065306597126335,5.519,0.5,0.684,0.0
F129,Mwingi West,Ikutha,-0.84876,37.98661,1,5,7,29,0.75,0.56,0.1,0,1,1,41,0.0,0,1,4,29.61879887696123,22.0,20.686583635035436,0.305,9.31,1.797,0.903,3,5.7,9.1,42.0,37.5,100.0,32.95333333333333,17.37333333333333,19.473333333333333,0.8607079764250578,0,0.6065306597126335,5.519,0.5,0.684,0.4
F130,Mwingi West,Mui,-0.91626,37.95557,1,2,10,45,1.79,1.03,0.33,0,0,0,42,0.0,0,1,2,28.177092490932736,17.87815643514787,23.167906674128155,0.318,14.33,1.712,0.882,4,5.7,9.1,42.0,37.5,100.0,32.95333333333333,17.37333333333333,19.473333333333333,1.0,0,0.6065306597126335,5.519,0.5,0.684,0.1
F131,Mwingi West,Kauwi,-0.93679,38.02868,1,8,8,47,2.03,1.18,0.25,0,3,1,43,0.0,1,1,3,32.78713434860901,17.65269786523307,20.22380052329088,0.318,30.71,1.62,1.053,3,6.0,10.8,40.1,39.0,100.0,32.95333333333333,17.37333333333333,20.616666666666667,0.8607079764250578,0,0.8225775623986646,8.884,0.5,0.684,0.55
F132,Mwingi West,Nuu,-0.78526,37.98789,0,8,0,39,3.44,1.85,0.49,0,0,1,43,0.0,0,0,3,28.741259292892416,17.87009749787329,17.247862733917042,0.312,26.89,1.347,1.146,3,5.7,9.1,42.0,37.5,100.0,32.95333333333333,17.37333333333333,19.473333333333333,0.8607079764250578,0,0.6065306597126335,5.519,0.5,0.684,0.3
F133,Mwingi West,Nuu,-0.83609,37.95435,0,3,12,51,3.37,2.03,0.34,0,1,0,44,42.9,1,1,2,30.729442753135253,17.898525713382202,21.066165229443968,0.355,9.38,1.616,0.824,4,5.7,9.1,42.0,37.5,100.0,32.95333333333333,17.37333333333333,19.473333333333333,0.7408182206817179,1,0.6065306597126335,5.519,0.5,0.684,0.5
F134,Mwingi West,Ikutha,-1.00752,38.13206,0,5,12,36,1.84,1.47,0.13,0,1,0,48,0.0,1,0,2,33.70747093677942,19.53476396570909,20.50447186446929,0.418,15.01,1.478,0.634,3,6.0,10.8,40.1,39.0,100.0,32.95333333333333,17.37333333333333,20.616666666666667,0.40656965974059917,0,0.8225775623986646,8.884,0.5,0.684,0.15
F135,Mwingi West,Nuu,-0.92681,37.9825,0,2,7,33,2.11,1.31,0.28,0,3,0,41,0.0,0,1,4,36.3999119906429,19.40875907572004,24.646504366000773,0.545,23.67,2.219,1.389,4,5.7,9.1,42.0,37.5,100.0,32.95333333333333,17.37333333333333,19.473333333333333,0.8607079764250578,0,0.6065306597126335,5.519,0.5,0.684,0.1
F136,Mwingi West,Mui,-0.8277,37.91544,1,4,7,56,1.29,0.73,0.16,0,1,0,43,0.0,0,1,2,33.35252597819923,17.796634856483863,20.13491990225236,0.274,22.91,1.409,0.813,3,5.7,9.1,42.0,37.5,100.0,32.95333333333333,17.37333333333333,19.473333333333333,0.8607079764250578,0,0.6065306597126335,5.519,0.5,0.684,0.1
F137,Mwingi West,Ikutha,-0.9718,38.0988,1,5,16,56,1.59,1.16,0.12,0,0,1,42,61.4,0,0,2,31.533849604070863,18.115092638351705,18.036312521939827,0.392,26.78,1.855,1.519,3,6.0,10.8,40.1,39.0,100.0,32.95333333333333,17.37333333333333,20.616666666666667,1.0,1,0.8225775623986646,8.884,0.5,0.684,0.55
F138,Mwingi West,Nuu,-0.85376,38.04603,0,6,8,36,3.49,2.31,0.5,0,0,0,42,0.0,0,1,2,32.38687698030495,20.862991612382107,21.426603064115945,0.241,19.93,1.26,0.858,3,5.9,9.5,41.0,38.2,100.0,32.95333333333333,17.37333333333333,20.616666666666667,1.0,0,0.7548396019890076,7.171,0.5,0.684,0.1
F139,Mwingi West,Ikutha,-0.85998,38.09529,0,4,8,64,1.47,0.8,0.2,0,1,0,41,20.1,1,1,1,28.52111089421521,15.78145144195355,19.180804819236016,0.361,21.67,1.077,0.773,3,5.9,9.5,41.0,38.2,100.0,32.95333333333333,17.37333333333333,20.616666666666667,0.8607079764250578,0,0.7548396019890076,7.171,0.5,0.684,0.25
F140,Mwingi West,Nuu,-0.94195,37.94113,0,7,12,40,2.26,1.39,0.28,0,1,0,41,0.0,0,1,3,31.50834535983667,18.396352370212306,19.70062747427944,0.416,19.52,1.784,1.147,3,5.8,8.8,41.5,38.0,100.0,32.95333333333333,17.37333333333333,19.473333333333333,0.8607079764250578,0,0.681940751190348,6.001,0.5,0.684,0.1
F141,Mwingi West,Nuu,-0.90053,38.0281,1,4,7,45,0.72,0.45,0.1,0,1,1,45,28.8,0,1,2,31.51048047136072,18.74344377263222,17.17880992406112,0.447,36.23,1.619,1.313,3,6.0,10.8,40.1,39.0,100.0,32.95333333333333,17.37333333333333,20.616666666666667,0.6376281516217733,1,0.8225775623986646,8.884,0.5,0.684,0.65
F142,Mwingi West,Nuu,-1.0254,37.83377,1,8,8,42,0.83,0.6,0.1,0,1,0,42,32.9,0,0,2,32.8373230567018,17.10197085182159,19.193912967991466,0.423,13.32,1.22,0.962,2,6.0,10.5,38.2,42.5,100.0,32.95333333333333,17.37333333333333,20.706666666666667,1.0,1,0.8225775623986646,8.637,0.5,0.684,0.25
F143,Mwingi West,Mui,-0.79377,38.01272,0,2,7,50,1.42,0.72,0.21,0,0,0,43,34.1,1,0,2,36.7728171479263,18.292754113715663,19.57701174372609,0.504,16.85,1.939,1.135,3,5.7,9.1,42.0,37.5,100.0,32.95333333333333,17.37333333333333,19.473333333333333,0.8607079764250578,1,0.6065306597126335,5.519,0.5,0.684,0.4
F144,Mwingi West,Mui,-0.91855,37.93738,1,5,12,47,1.3,0.75,0.18,0,2,0,45,25.6,1,0,2,28.239050364789072,16.85898237055661,19.17912831065781,0.368,9.9,1.319,0.571,3,5.7,9.1,42.0,37.5,100.0,32.95333333333333,17.37333333333333,19.473333333333333,0.6376281516217733,1,0.6065306597126335,5.519,0.5,0.684,0.4
F145,Mwingi West,Ikutha,-0.85177,37.8416,1,7,8,47,0.85,0.56,0.1,0,1,1,44,0.0,1,1,2,31.60310925453613,19.646904327262707,18.022781593922947,0.451,8.97,2.155,1.217,4,5.8,8.8,41.5,38.0,100.0,32.95333333333333,17.37333333333333,19.473333333333333,0.7408182206817179,0,0.681940751190348,6.001,0.5,0.684,0.55
F146,Mwingi West,Nuu,-0.86317,38.03261,0,6,8,31,4.5,2.61,0.84,0,1,0,41,0.0,1,0,2,28.466279003217934,16.091228020092117,20.22057282586324,0.375,19.35,1.399,0.588,3,6.0,10.8,40.1,39.0,100.0,32.95333333333333,17.37333333333333,20.616666666666667,0.8607079764250578,0,0.8225775623986646,8.884,0.5,0.684,0.15
F147,Mwingi West,Nuu,-0.81853,37.80519,1,7,7,23,1.32,0.91,0.11,0,1,0,43,0.0,0,1,3,31.39259899484888,20.412200592356108,17.191318957895415,0.378,11.45,1.409,0.731,3,5.8,8.8,41.5,38.0,100.0,32.95333333333333,17.37333333333333,19.473333333333333,0.8607079764250578,0,0.681940751190348,6.001,0.5,0.684,0.1
F148,Mwingi West,Mui,-0.926,37.79698,1,6,7,57,0.94,0.61,0.13,0,3,0,42,20.5,1,0,1,30.59787528954041,18.368050717238795,16.602513498690012,0.48,15.98,1.572,1.263,3,5.8,8.8,41.5,38.0,100.0,32.95333333333333,17.37333333333333,19.473333333333333,1.0,0,0.681940751190348,6.001,0.5,0.684,0.15
F149,Mwingi West,Nuu,-0.88777,37.979,0,2,8,37,1.3,0.79,0.16,0,1,0,44,47.7,0,0,2,29.21243812349692,17.69353905301932,21.2738404268161,0.4,36.92,1.556,1.088,3,5.7,9.1,42.0,37.5,100.0,32.95333333333333,17.37333333333333,19.473333333333333,0.7408182206817179,1,0.6065306597126335,5.519,0.5,0.684,0.25
F150,Mwingi West,Mui,-0.86645,37.99571,0,4,10,43,1.21,0.95,0.1,0,3,0,44,0.0,1,0,3,34.50880246716552,16.691545220622306,21.04437544521821,0.358,35.87,1.219,0.851,3,5.7,9.1,42.0,37.5,100.0,32.95333333333333,17.37333333333333,19.473333333333333,0.7408182206817179,0,0.6065306597126335,5.519,0.5,0.684,0.15
F151,Mwingi West,Nuu,-0.84765,38.02764,0,9,8,47,1.33,0.92,0.16,0,2,1,43,0.0,1,1,2,33.06242494847095,20.35518403277744,16.23098879829912,0.349,45.0,1.812,1.044,3,6.0,10.8,40.1,39.0,100.0,32.95333333333333,17.37333333333333,20.616666666666667,0.8607079764250578,0,0.8225775623986646,8.884,0.5,0.684,0.55
F152,Mwingi West,Ikutha,-0.83074,38.00936,0,3,0,63,0.5,0.27,0.1,0,0,1,42,57.7,0,0,3,34.2508823852389,17.326648158738873,15.0,0.415,37.29,2.168,1.488,4,5.7,9.1,42.0,37.5,100.0,32.95333333333333,17.37333333333333,19.473333333333333,1.0,1,0.6065306597126335,5.519,0.5,0.684,0.55
F153,Mwingi West,Nuu,-0.92864,38.06813,1,6,12,45,2.44,1.63,0.34,0,3,0,44,10.2,1,0,3,31.330361585731517,16.39895259290993,16.97814488650858,0.313,45.0,1.559,1.051,3,6.0,10.8,40.1,39.0,100.0,32.95333333333333,17.37333333333333,20.616666666666667,0.7408182206817179,0,0.8225775623986646,8.884,0.5,0.684,0.15
F154,Mwingi West,Nuu,-0.93985,38.00602,1,2,0,39,2.51,1.84,0.29,0,1,1,41,23.6,1,0,3,32.34442375328382,20.39263397421461,19.179252513817005,0.379,20.46,1.952,1.098,3,6.0,10.8,40.1,39.0,100.0,32.95333333333333,17.37333333333333,20.616666666666667,0.8607079764250578,0,0.8225775623986646,8.884,0.5,0.684,0.45
F155,Mwingi West,Kauwi,-0.81839,37.93942,0,6,14,37,2.69,1.92,0.32,0,0,0,41,0.0,0,0,1,36.00820941067589,16.872249535709614,22.385873936913764,0.445,10.47,1.602,1.327,4,5.7,9.1,42.0,37.5,100.0,32.95333333333333,17.37333333333333,19.473333333333333,0.8607079764250578,0,0.6065306597126335,5.519,0.5,0.684,0.0
F156,Mwingi West,Mui,-1.02222,37.94411,0,5,0,43,1.43,0.79,0.13,0,2,1,42,0.0,1,0,1,32.49401557075995,18.329931834539924,19.1181385804687,0.321,9.97,1.91,1.002,4,6.1,11.0,37.8,43.0,100.0,32.95333333333333,17.37333333333333,20.706666666666667,1.0,0,0.8824969025845952,9.707,0.5,0.684,0.45
F157,Mwingi West,Nuu,-0.8058,37.92742,0,3,10,33,1.72,1.36,0.14,0,2,1,41,50.8,0,1,2,34.27750440815077,19.973846796327077,17.576597378179923,0.395,33.05,1.836,1.539,3,5.7,9.1,42.0,37.5,100.0,32.95333333333333,17.37333333333333,19.473333333333333,0.8607079764250578,1,0.6065306597126335,5.519,0.5,0.684,0.65
F158,Mwingi West,Nuu,-0.91814,37.97364,0,6,4,44,0.74,0.47,0.1,0,1,0,42,31.6,0,0,2,31.1415961340232,18.78432368500572,19.871465572707653,0.365,16.87,1.343,1.027,2,5.7,9.1,42.0,37.5,100.0,32.95333333333333,17.37333333333333,19.473333333333333,1.0,1,0.6065306597126335,5.519,0.5,0.684,0.25
F159,Mwingi West,Kauwi,-0.90027,37.86221,1,3,14,43,1.89,1.04,0.36,0,1,1,44,0.0,0,0,3,34.07523815540137,21.615532782565957,19.21495971187605,0.346,17.52,1.879,0.931,3,5.8,8.8,41.5,38.0,100.0,32.95333333333333,17.37333333333333,19.473333333333333,0.7408182206817179,0,0.681940751190348,6.001,0.5,0.684,0.3
F160,Mwingi West,Kauwi,-0.94094,37.97727,0,8,8,63,1.38,0.76,0.22,0,1,0,46,64.7,0,1,3,31.292377408428337,16.99708933708218,16.047481731367505,0.442,12.5,1.237,0.754,2,5.7,9.1,42.0,37.5,100.0,32.95333333333333,17.37333333333333,19.473333333333333,0.5488116360940264,1,0.6065306597126335,5.519,0.5,0.684,0.35
F161,Mwingi West,Mui,-0.90289,37.94309,0,3,4,42,0.93,0.49,0.18,0,2,0,42,64.3,1,1,3,28.32787077266872,18.121079594120467,16.062342787703223,0.413,13.27,2.017,1.001,3,5.7,9.1,42.0,37.5,100.0,32.95333333333333,17.37333333333333,19.473333333333333,1.0,1,0.6065306597126335,5.519,0.5,0.684,0.5
F162,Mwingi West,Kauwi,-0.82373,37.97205,0,4,7,20,1.93,1.43,0.16,0,1,0,42,57.6,1,1,3,32.48331764657371,18.26027934751817,16.129506244711767,0.408,19.92,1.786,1.169,4,5.7,9.1,42.0,37.5,100.0,32.95333333333333,17.37333333333333,19.473333333333333,1.0,1,0.6065306597126335,5.519,0.5,0.684,0.5
F163,Mwingi West,Ikutha,-0.85375,37.9723,1,7,4,75,1.97,1.06,0.3,0,1,0,42,28.3,1,0,3,31.465333086271283,19.61822291463319,25.0,0.336,9.7,1.382,1.042,2,5.7,9.1,42.0,37.5,100.0,32.95333333333333,17.37333333333333,19.473333333333333,1.0,1,0.6065306597126335,5.519,0.5,0.684,0.4
F164,Mwingi West,Kauwi,-0.87044,37.75382,0,2,4,55,1.24,0.67,0.13,0,0,1,42,24.5,0,1,2,28.925481009326024,20.819521630108568,21.649953600684032,0.307,18.7,1.676,1.011,3,5.8,8.8,41.5,38.0,100.0,32.95333333333333,17.37333333333333,19.473333333333333,1.0,0,0.681940751190348,6.001,0.5,0.684,0.4
F165,Mwingi West,Ikutha,-0.89467,37.8779,1,8,14,68,1.52,1.15,0.15,0,1,1,40,0.0,1,1,2,32.92128427368098,18.63250971733165,18.015709853661598,0.372,35.01,2.0,1.089,4,5.8,8.8,41.5,38.0,100.0,32.95333333333333,17.37333333333333,19.473333333333333,0.7408182206817179,0,0.681940751190348,6.001,0.5,0.684,0.55
F166,Kitui West,Kisasi,-1.06546,37.96414,0,8,8,30,0.68,0.41,0.1,0,3,0,45,0.0,0,1,3,30.534241733102693,18.25220510535149,22.27066705707233,0.423,5.66,1.566,0.945,3,6.1,11.0,37.8,43.0,100.0,32.95333333333333,17.37333333333333,20.706666666666667,0.6376281516217733,0,0.8824969025845952,9.707,0.5,0.684,0.1
F167,Kitui West,Mbitini,-0.95716,37.98232,1,5,12,41,2.37,1.21,0.38,0,1,1,42,0.0,1,0,2,37.0,15.830614637906242,18.07985928084634,0.459,7.61,2.458,1.242,4,5.7,9.1,42.0,37.5,100.0,32.95333333333333,17.37333333333333,19.473333333333333,1.0,0,0.6065306597126335,5.519,0.5,0.684,0.45
F168,Kitui West,Mutonguni,-1.07311,37.90965,1,8,8,52,0.73,0.38,0.14,1,3,1,42,0.0,0,1,1,29.27822708648993,18.70228614163405,22.187950992434324,0.608,23.05,2.653,1.883,5,6.1,11.0,37.8,43.0,100.0,32.95333333333333,17.37333333333333,20.706666666666667,1.0,0,0.8824969025845952,9.707,0.5,0.684,0.6
F169,Kitui West,Kisasi,-0.98692,38.07386,0,5,10,50,0.81,0.44,0.13,0,1,0,40,25.0,0,1,2,29.831565126609693,17.329459982006384,19.70076614267364,0.459,32.52,1.842,1.048,3,6.0,10.8,40.1,39.0,100.0,32.95333333333333,17.37333333333333,20.616666666666667,0.7408182206817179,0,0.8225775623986646,8.884,0.5,0.684,0.1
F170,Kitui West,Mutonguni,-1.0698,37.90764,0,2,4,47,1.24,0.7,0.14,0,2,0,45,0.0,1,0,3,34.41301243462514,19.613185359077782,17.852871875506757,0.365,12.87,1.176,0.504,2,6.1,11.0,37.8,43.0,100.0,32.95333333333333,17.37333333333333,20.706666666666667,0.6376281516217733,0,0.8824969025845952,9.707,0.5,0.684,0.15
F171,Kitui West,Mbitini,-1.01081,37.89873,1,3,7,20,2.21,1.55,0.23,0,1,0,44,58.7,0,0,1,32.20735186259181,17.76256845940755,21.199550864572423,0.392,6.05,1.565,1.154,2,6.0,10.5,38.2,42.5,100.0,32.95333333333333,17.37333333333333,20.706666666666667,0.7408182206817179,1,0.8225775623986646,8.637,0.5,0.684,0.25
F172,Kitui West,Kauwi,-1.01841,37.8967,1,5,12,23,2.21,1.21,0.3,0,1,1,46,0.0,0,1,3,34.36824508037688,18.066851502133872,19.84379893180921,0.425,33.65,1.502,1.044,2,6.0,10.5,38.2,42.5,100.0,32.95333333333333,17.37333333333333,20.706666666666667,0.5488116360940264,0,0.8225775623986646,8.637,0.5,0.684,0.4
F173,Kitui West,Kisasi,-1.07003,37.87292,0,4,16,62,1.19,0.64,0.17,0,1,1,44,0.0,0,1,3,33.33686031857538,15.871517573749577,20.495669430448316,0.276,10.96,1.199,0.87,3,6.0,10.5,38.2,42.5,100.0,32.95333333333333,17.37333333333333,20.706666666666667,0.7408182206817179,0,0.8225775623986646,8.637,0.5,0.684,0.4
F174,Kitui West,Mutonguni,-1.14122,37.89087,0,6,7,64,1.83,1.33,0.1,0,1,0,42,34.3,0,0,2,31.2189243185514,15.23938624922743,20.038767557960277,0.439,13.73,1.711,1.228,3,6.1,11.0,37.8,43.0,100.0,32.95333333333333,17.37333333333333,20.706666666666667,1.0,1,0.8824969025845952,9.707,0.5,0.684,0.25
F175,Kitui West,Mutonguni,-1.09615,37.82961,1,5,7,42,0.47,0.33,0.1,0,1,1,42,32.6,0,1,1,29.46599673522481,21.8497766723305,20.01253693217732,0.345,19.29,1.951,1.542,3,6.0,10.5,38.2,42.5,100.0,32.95333333333333,17.37333333333333,20.706666666666667,1.0,1,0.8225775623986646,8.637,0.5,0.684,0.65
F176,Kitui West,Kisasi,-0.99066,37.91659,1,5,8,60,0.81,0.51,0.1,0,3,0,43,18.0,0,0,2,34.856382777601674,18.733431037217496,21.501384720216866,0.348,11.78,1.102,1.039,2,5.8,8.8,41.5,38.0,100.0,32.95333333333333,17.37333333333333,19.473333333333333,0.8607079764250578,0,0.681940751190348,6.001,0.5,0.684,0.0
F177,Kitui West,Kauwi,-1.02733,37.93402,0,6,16,31,0.82,0.55,0.1,0,1,0,42,15.5,0,0,3,29.66540959170354,19.227803859735097,25.0,0.279,10.61,0.981,0.921,2,6.1,11.0,37.8,43.0,100.0,32.95333333333333,17.37333333333333,20.706666666666667,1.0,0,0.8824969025845952,9.707,0.5,0.684,0.0
F178,Kitui West,Kauwi,-1.10602,37.7702,1,7,7,34,2.38,1.41,0.2,0,1,0,43,44.9,0,1,3,33.729593114561155,16.857869066271043,22.621979751373896,0.381,10.71,1.385,0.901,3,6.0,10.5,38.2,42.5,100.0,32.95333333333333,17.37333333333333,20.706666666666667,0.8607079764250578,1,0.8225775623986646,8.637,0.5,0.684,0.35
F179,Kitui West,Kauwi,-1.10054,37.92286,0,6,8,30,1.72,1.11,0.18,0,0,0,40,0.0,1,0,3,34.52179726596507,20.075942492921502,20.049112900707613,0.422,41.64,1.976,1.105,3,6.1,11.0,37.8,43.0,100.0,32.95333333333333,17.37333333333333,20.706666666666667,0.7408182206817179,0,0.8824969025845952,9.707,0.5,0.684,0.15
F180,Kitui West,Mbitini,-1.18385,37.93295,1,7,12,33,1.33,0.87,0.2,0,1,0,41,0.0,0,0,2,32.220780831134086,19.75125181262785,18.723482712751068,0.45,29.37,1.756,1.282,3,6.2,12.1,38.0,42.0,100.0,32.95333333333333,17.37333333333333,20.61,0.8607079764250578,0,0.9321024923595277,11.278,0.5,0.684,0.0
F181,Kitui West,Mutonguni,-0.99334,37.96602,0,3,0,52,1.4,0.86,0.12,0,1,0,43,64.7,1,1,1,31.830875421486837,17.055631050038944,18.99816270499502,0.407,21.92,1.817,1.257,3,5.8,8.8,41.5,38.0,100.0,32.95333333333333,17.37333333333333,19.473333333333333,0.8607079764250578,1,0.681940751190348,6.001,0.5,0.684,0.5
F182,Kitui West,Mutonguni,-1.02684,38.01432,0,2,0,33,2.84,2.19,0.21,0,2,0,43,22.2,1,0,1,30.33580256974576,16.592890215478302,16.359676763473875,0.497,5.51,2.039,1.018,3,6.3,11.4,36.5,43.5,100.0,32.95333333333333,17.37333333333333,20.61,0.8607079764250578,0,0.969233234476344,11.049,0.5,0.684,0.15
F183,Kitui West,Mutonguni,-1.08822,37.98959,0,3,8,70,1.09,0.55,0.21,0,3,0,44,110.6,0,0,3,33.518033976749464,17.18145016911091,21.16135885638304,0.423,21.96,2.001,1.146,3,6.1,11.0,37.8,43.0,100.0,32.95333333333333,17.37333333333333,20.706666666666667,0.7408182206817179,1,0.8824969025845952,9.707,0.5,0.684,0.25
F184,Kitui West,Mbitini,-1.06799,37.88657,1,2,14,49,0.58,0.43,0.1,0,0,0,41,0.0,1,1,2,28.0,18.4490912323272,16.962693270854142,0.358,21.37,1.959,1.04,2,6.0,10.5,38.2,42.5,100.0,32.95333333333333,17.37333333333333,20.706666666666667,0.8607079764250578,0,0.8225775623986646,8.637,0.5,0.684,0.25
F185,Kitui West,Mutonguni,-1.21025,37.87845,0,7,7,57,2.18,1.17,0.39,1,1,1,43,60.0,1,1,2,34.074597945924985,18.800792605652404,18.568864219876843,0.425,8.68,2.656,1.405,3,6.1,11.0,37.8,43.0,100.0,32.95333333333333,17.37333333333333,20.706666666666667,0.8607079764250578,1,0.8824969025845952,9.707,0.5,0.684,1.0
F186,Kitui West,Mbitini,-1.1092,37.97057,0,3,8,49,1.32,0.98,0.13,0,1,0,41,42.7,1,1,2,32.76284795014657,18.56910921482957,21.175871757255,0.354,18.72,1.877,1.067,3,6.1,11.0,37.8,43.0,100.0,32.95333333333333,17.37333333333333,20.706666666666667,0.8607079764250578,1,0.8824969025845952,9.707,0.5,0.684,0.5
F187,Kitui West,Kauwi,-0.99993,37.89169,0,4,8,58,2.02,1.38,0.26,0,1,1,41,67.8,0,1,1,32.0098054606167,20.837714195552365,18.90668674050869,0.42,27.82,2.088,1.116,3,5.8,8.8,41.5,38.0,100.0,32.95333333333333,17.37333333333333,19.473333333333333,0.8607079764250578,1,0.681940751190348,6.001,0.5,0.684,0.65
F188,Kitui West,Kisasi,-1.02111,37.84404,0,5,8,33,1.17,0.88,0.1,0,1,0,42,17.0,0,0,2,33.033065004260465,17.213077669827094,18.269280023676867,0.351,21.86,1.436,1.274,3,6.0,10.5,38.2,42.5,100.0,32.95333333333333,17.37333333333333,20.706666666666667,1.0,0,0.8225775623986646,8.637,0.5,0.684,0.0
F189,Kitui West,Mutonguni,-1.06016,38.09619,1,7,8,61,0.75,0.4,0.14,0,2,0,41,132.2,1,1,2,29.47817593774932,16.544008416147946,16.50629828473589,0.434,11.7,1.765,1.384,3,6.3,11.4,36.5,43.5,100.0,32.95333333333333,17.37333333333333,20.61,0.8607079764250578,1,0.969233234476344,11.049,0.5,0.684,0.5
F190,Kitui West,Mutonguni,-1.08088,37.90825,0,5,8,45,1.49,0.99,0.1,0,1,1,42,0.0,1,0,2,28.0,18.50017823933328,22.51331683076203,0.507,16.55,2.218,1.484,4,6.1,11.0,37.8,43.0,100.0,32.95333333333333,17.37333333333333,20.706666666666667,1.0,0,0.8824969025845952,9.707,0.5,0.684,0.45
F191,Kitui West,Kauwi,-1.03222,37.88614,0,6,8,58,1.2,0.78,0.18,0,0,0,42,0.0,1,1,1,33.53086515389872,15.452447331504295,17.416945336367803,0.402,23.69,1.982,1.168,3,6.0,10.5,38.2,42.5,100.0,32.95333333333333,17.37333333333333,20.706666666666667,1.0,0,0.8225775623986646,8.637,0.5,0.684,0.25
F192,Kitui West,Kisasi,-1.09688,37.77655,1,7,8,26,1.33,0.95,0.12,0,2,0,42,0.0,0,0,3,35.39640157880632,19.75232749731911,18.035310432630126,0.347,16.94,1.229,0.848,2,6.0,10.5,38.2,42.5,100.0,32.95333333333333,17.37333333333333,20.706666666666667,1.0,0,0.8225775623986646,8.637,0.5,0.684,0.0
F193,Kitui West,Mbitini,-1.17988,37.9896,0,3,8,46,2.91,1.92,0.33,0,1,1,41,23.0,1,1,3,28.673315661739174,18.67633387605703,15.020676450415348,0.378,30.79,2.006,1.357,3,6.2,12.1,38.0,42.0,100.0,32.95333333333333,17.37333333333333,20.61,0.8607079764250578,0,0.9321024923595277,11.278,0.5,0.684,0.55
F194,Kitui West,Kisasi,-1.08037,37.86084,0,6,8,45,0.65,0.43,0.1,0,2,0,41,0.0,1,0,2,30.184543830607893,17.891531526362098,19.45034738048025,0.326,20.04,1.29,0.828,3,6.0,10.5,38.2,42.5,100.0,32.95333333333333,17.37333333333333,20.706666666666667,0.8607079764250578,0,0.8225775623986646,8.637,0.5,0.684,0.15
F195,Kitui West,Kauwi,-1.05581,37.932,0,8,12,36,1.4,0.88,0.2,0,1,0,41,0.0,0,0,3,34.15511476466036,17.79160482815155,18.6667627840961,0.503,23.96,1.651,1.402,3,6.1,11.0,37.8,43.0,100.0,32.95333333333333,17.37333333333333,20.706666666666667,0.8607079764250578,0,0.8824969025845952,9.707,0.5,0.684,0.0
F196,Kitui West,Kauwi,-1.01264,37.9978,0,3,0,47,0.76,0.45,0.1,0,1,0,41,76.6,0,1,2,33.28955747188308,20.13799240781822,19.954644792421032,0.377,24.8,1.622,1.197,3,6.1,11.0,37.8,43.0,100.0,32.95333333333333,17.37333333333333,20.706666666666667,0.8607079764250578,1,0.8824969025845952,9.707,0.5,0.684,0.35
F197,Kitui West,Kisasi,-1.16647,37.86194,0,6,12,62,0.29,0.19,0.1,0,3,0,43,21.0,0,1,2,37.0,20.08066628360936,16.563420807606064,0.419,9.65,1.789,1.148,2,6.1,11.0,37.8,43.0,100.0,32.95333333333333,17.37333333333333,20.706666666666667,0.8607079764250578,0,0.8824969025845952,9.707,0.5,0.684,0.1
F198,Kitui West,Mbitini,-1.08737,37.93556,0,6,12,35,1.17,0.63,0.22,0,3,0,42,33.9,1,1,3,34.866446431416975,18.056530654855965,21.33545198383784,0.412,16.86,1.778,1.052,4,6.1,11.0,37.8,43.0,100.0,32.95333333333333,17.37333333333333,20.706666666666667,1.0,1,0.8824969025845952,9.707,0.5,0.684,0.5
F199,Kitui West,Mbitini,-1.08452,38.03667,1,3,7,55,1.22,0.96,0.1,0,2,0,42,0.0,1,0,3,34.33793383816471,19.56518388240418,15.0,0.405,13.93,1.621,0.837,3,6.3,11.4,36.5,43.5,100.0,32.95333333333333,17.37333333333333,20.61,1.0,0,0.969233234476344,11.049,0.5,0.684,0.15
F200,Kitui West,Mutonguni,-1.14608,37.75803,0,5,8,30,1.69,1.21,0.19,0,1,1,42,53.0,1,0,3,30.819664860011255,20.05406683131261,19.269556250043987,0.387,27.71,2.498,1.548,4,6.0,10.5,38.2,42.5,100.0,32.95333333333333,17.37333333333333,20.706666666666667,1.0,1,0.8225775623986646,8.637,0.5,0.684,0.7
