farmer_id,subcounty,ward,lat,lon,gender,hh_size,education_yrs,age,farm_size_ha,maize_area_ha,bean_area_ha,irrigation,land_tenure,seed_type,planting_week,fert_rate_kgha,extension_access,farmer_group,weeding_count,chirps_rain_mm,nasa_tmax_c,nasa_tmin_c,nasa_srad,ndvi_mean,soil_ph,soil_soc,soil_clay_pct,soil_sand_pct,maize_yield_tha,bean_yield_tha,perceived_yield_rating
F001,Kitui Central,Kyangwithya West,-1.11026,37.94802,0,8,12,26,3.82,2.16,0.73,0,1,1,44,0.0,0,0,3,298.9,28.0813358244843,19.444650433503227,20.338815564061782,0.425,6.66,22.71,42.6,46.8,1.509,1.304,2
F002,Kitui Central,Kyangwithya East,-1.16106,37.97394,0,5,8,40,1.84,1.17,0.17,0,2,0,43,0.0,1,1,3,348.8,31.801965155539584,21.191744592455667,18.986337450928186,0.467,6.41,18.67,36.1,39.0,2.231,1.281,4
F003,Kitui Central,Central,-1.09818,38.12571,0,10,8,37,3.09,2.4,0.29,0,1,1,43,0.0,0,0,3,355.4,34.013379929591004,18.20409662286877,20.452919268726504,0.478,6.28,16.49,25.2,57.6,2.217,1.644,3
F004,Kitui Central,Mulango,-1.02816,38.05436,1,7,8,42,1.73,0.96,0.31,0,1,0,45,0.0,0,0,3,267.1,36.109603670212174,18.28901376727316,16.902283392676562,0.43,6.27,28.2,22.0,56.7,1.575,0.953,2
F005,Kitui Central,Mulango,-1.16873,37.8437,1,9,4,53,1.48,0.83,0.24,0,0,1,42,78.8,0,1,3,316.9,31.623659822913478,18.75443634789248,19.677763923234814,0.501,6.87,6.28,41.1,42.1,2.483,1.369,4
F006,Kitui Central,Mulango,-1.16873,38.05241,0,9,8,37,1.85,0.93,0.33,0,2,1,45,0.0,1,1,2,316.4,35.10781351781233,17.303902373349977,18.917184360934357,0.427,5.91,11.31,30.8,58.6,1.928,1.276,4
F007,Kitui Central,Mulango,-1.02366,37.98149,0,4,8,54,1.11,0.56,0.15,0,2,1,44,21.3,1,1,3,348.2,36.21805245991948,18.984134325421966,18.525335940516328,0.415,6.37,10.08,44.7,40.7,2.586,1.201,3
F008,Kitui Central,Kyangwithya West,-1.08861,37.95231,0,6,12,37,0.49,0.37,0.1,0,2,0,44,21.5,1,1,3,290.0,31.652158717662108,18.939149848896225,15.183697470341425,0.439,5.99,27.2,21.6,63.6,1.93,1.17,4
F009,Kitui Central,Mulango,-1.18756,38.08117,1,8,4,56,1.53,1.1,0.14,0,3,0,43,69.6,0,0,2,283.1,31.271941227769997,21.163975543725183,16.931005621468927,0.391,5.43,11.36,53.9,23.5,1.192,0.999,3
F010,Kitui Central,Central,-1.1066,38.1231,0,5,8,45,0.79,0.48,0.1,0,2,1,42,150.0,1,0,3,317.6,32.09943616579776,18.159093603480734,18.285262939686547,0.499,5.41,8.65,44.6,35.6,2.683,1.785,4
F011,Kitui Central,Township,-1.18707,38.11313,0,6,8,38,0.65,0.46,0.1,0,3,0,42,0.0,0,1,3,363.2,32.31970607286119,19.71451138291431,21.73759795159689,0.447,5.79,21.64,39.0,46.9,1.614,1.285,3
F012,Kitui Central,Mulango,-1.18726,37.93608,0,3,0,44,1.7,1.05,0.28,0,3,1,44,17.5,0,1,2,256.0,34.899809869282144,18.21278249241431,20.21455872600997,0.337,5.94,10.44,54.8,20.7,1.981,1.25,3
F013,Kitui Central,Kyangwithya West,-1.13064,37.98908,0,5,8,40,1.03,0.81,0.1,0,2,0,40,0.0,0,0,2,263.9,30.797804605078888,19.65156699520804,21.849185620069754,0.395,7.07,13.8,47.5,37.7,1.672,0.969,3
F014,Kitui Central,Kyangwithya West,-1.30306,38.05313,1,7,10,45,2.11,1.67,0.2,0,2,0,44,21.1,0,0,2,286.6,35.88374395943203,18.049894779574583,22.607283456000324,0.321,6.48,45.0,33.2,41.8,1.201,0.978,3
F015,Kitui Central,Mulango,-1.28799,38.11755,0,2,12,53,0.78,0.48,0.11,0,0,1,42,61.0,0,0,4,294.6,30.73833338400232,19.53225137650137,20.323272863123737,0.392,6.52,24.38,38.8,36.3,2.21,1.174,3
F016,Kitui Central,Township,-1.19498,37.97208,1,9,7,42,0.92,0.7,0.1,0,1,0,41,43.8,0,1,3,230.5,29.71826517684136,19.810824492359206,19.850733526700743,0.341,5.95,14.8,18.4,65.0,1.512,0.967,2
F017,Kitui Central,Mulango,-1.23103,38.00143,0,6,12,39,2.25,1.65,0.14,0,1,0,41,32.6,1,0,2,377.4,33.652309865429096,16.580018960495945,17.067515008286975,0.501,6.22,15.48,48.6,36.7,2.068,1.505,3
F018,Kitui Central,Kyangwithya West,-1.12486,37.90937,1,7,16,30,1.4,0.83,0.14,0,1,0,40,0.0,1,0,4,304.1,35.20723294351225,20.484275757207083,24.466678161433272,0.374,7.12,25.89,35.0,47.7,2.124,1.011,4
F019,Kitui Central,Kyangwithya East,-1.22264,37.90038,0,2,12,50,0.53,0.3,0.1,0,1,0,43,0.0,0,0,2,297.4,32.89304205822841,18.200340703493563,15.955389820724523,0.374,5.71,22.91,18.2,61.8,1.178,1.064,2
F020,Kitui Central,Central,-1.26298,38.10125,0,2,4,48,1.38,0.88,0.15,0,3,1,42,29.7,1,0,2,383.0,33.4571856755258,17.654365949672933,19.79683522052124,0.553,6.38,17.08,26.2,55.9,2.53,1.584,4
F021,Kitui Central,Kyangwithya West,-1.03275,38.15562,1,7,10,29,2.7,1.98,0.18,0,3,0,47,0.0,0,1,3,342.3,36.79945392365568,17.22198539899396,21.581997508863456,0.457,6.84,17.32,46.7,28.8,1.978,0.801,3
F022,Kitui Central,Mulango,-1.16806,38.0128,1,10,7,54,0.92,0.73,0.1,0,2,1,43,36.9,0,0,3,285.9,35.23823611937766,19.036760500576833,21.616843943828343,0.451,6.59,7.85,54.1,25.0,2.043,1.128,3
F023,Kitui Central,Central,-1.1446,38.12035,1,5,16,29,1.66,1.21,0.2,0,1,1,41,0.0,1,1,2,317.4,32.5680359191215,18.49168095997366,16.61227727390169,0.409,6.92,7.06,38.2,48.6,1.972,0.962,3
F024,Kitui Central,Mulango,-1.26398,38.05616,1,3,8,56,0.75,0.57,0.1,0,0,0,43,12.6,0,1,2,308.1,31.551476856999738,19.167452933975035,18.450242492831023,0.425,6.29,15.05,28.2,60.2,1.815,0.968,3
F025,Kitui Central,Mulango,-1.19355,37.95549,1,4,4,52,1.11,0.76,0.15,0,0,1,45,18.6,0,1,2,375.2,34.90912950625905,19.202397411773262,17.50261306970584,0.498,6.44,11.98,23.8,55.9,2.44,1.33,4
F026,Kitui Central,Kyangwithya East,-1.14113,38.05614,0,8,10,49,2.18,1.64,0.19,0,1,0,44,42.8,0,0,2,302.5,34.32442460953695,19.595452361630322,15.0,0.51,6.24,22.04,52.1,35.5,1.649,1.316,2
F027,Kitui Central,Central,-1.24208,38.1738,1,8,7,39,1.35,0.99,0.1,0,0,0,41,33.9,0,1,2,245.1,33.420868701852186,22.0,19.825816854362404,0.36,6.41,18.15,42.5,35.7,1.69,0.927,2
F028,Kitui Central,Central,-1.11994,38.01642,0,4,16,50,2.43,1.49,0.27,0,0,1,45,42.4,1,1,2,225.5,31.780569890814327,18.571445163197332,17.70596150940006,0.345,5.83,11.17,34.7,50.6,1.525,1.05,2
F029,Kitui Central,Kyangwithya East,-1.19805,38.17646,1,3,16,56,1.51,1.01,0.11,0,3,0,44,0.0,0,1,2,376.4,32.331942800212964,17.177767904169368,23.263705711778364,0.544,6.52,17.84,32.3,52.8,1.663,1.296,3
F030,Kitui Central,Kyangwithya West,-1.17334,37.75803,1,2,8,51,4.06,3.0,0.3,0,2,0,41,0.0,0,1,2,274.5,32.175456957840275,15.0,21.03793609547168,0.378,6.32,13.34,44.7,45.1,1.458,1.055,2
F031,Kitui Central,Mulango,-1.19814,38.10219,1,2,4,35,0.51,0.26,0.1,0,1,0,41,0.0,0,0,1,340.2,31.81718867612115,16.348429763256945,19.60350487553527,0.47,6.23,45.0,44.4,35.1,1.773,1.223,4
F032,Kitui Central,Township,-1.00182,38.0287,0,4,10,47,1.06,0.79,0.1,0,1,0,43,50.3,1,0,2,313.2,31.177474099488837,20.723627571355237,18.318251169072827,0.482,6.9,19.95,29.0,59.3,2.103,1.325,4
F033,Kitui Central,Mulango,-1.15108,37.9901,0,3,4,57,0.66,0.37,0.1,0,1,0,41,40.1,0,0,3,291.3,33.08343699908627,19.795864112191595,19.787790174464188,0.383,6.09,7.54,26.6,51.8,1.417,0.838,3
F034,Kitui Central,Mulango,-1.23462,38.02918,1,7,0,70,0.68,0.44,0.1,0,0,1,44,36.8,1,0,3,298.3,31.078106349307443,16.070025116273012,18.86031546021055,0.435,6.68,40.86,27.1,55.5,2.371,1.358,3
F035,Kitui Central,Kyangwithya West,-1.0842,37.82124,0,2,12,41,0.69,0.51,0.1,0,3,0,42,48.2,0,0,2,381.3,32.89023417601183,22.0,19.673847772232772,0.58,6.72,11.98,33.3,44.9,2.184,1.392,3
F036,Kitui Central,Mulango,-1.24767,37.99803,1,10,7,54,1.31,0.75,0.22,0,1,0,45,0.0,0,0,1,244.8,28.0,19.088176059790715,24.254089427079922,0.416,6.54,10.1,31.1,50.1,1.038,0.957,2
F037,Kitui Central,Kyangwithya East,-1.13329,38.05571,1,5,8,57,1.36,0.78,0.22,0,1,0,43,16.2,0,0,2,292.6,31.180276829078206,19.32857009578461,16.838109611630806,0.428,5.81,45.0,54.2,34.6,1.273,1.456,3
F038,Kitui Central,Kyangwithya East,-1.30677,38.16779,0,6,16,34,1.51,0.94,0.13,0,1,0,41,63.6,0,0,2,350.8,34.91632424152691,22.0,19.078395328379315,0.455,6.34,19.55,33.0,45.5,1.933,1.392,4
F039,Kitui Central,Central,-1.25625,37.96817,1,8,7,65,0.65,0.5,0.1,0,0,0,41,54.1,0,0,2,252.3,30.519055703978122,21.63102029749078,21.26597100075556,0.347,6.98,23.35,25.5,63.5,1.749,1.166,3
F040,Kitui Central,Township,-1.13425,37.93915,0,6,7,31,1.0,0.5,0.2,0,1,0,43,0.0,0,0,2,369.3,33.80262431429492,19.906047456497888,18.49964789553544,0.433,5.47,23.73,26.1,56.7,1.612,1.083,2
F041,Kitui Central,Mulango,-1.09092,37.96982,1,3,14,53,0.7,0.54,0.1,0,2,0,44,22.4,1,0,2,350.2,30.70197574992723,19.99258509348726,23.451354601520926,0.541,6.12,14.84,36.2,51.2,1.793,1.426,2
F042,Kitui Central,Mulango,-1.13629,38.11154,1,4,4,47,2.0,1.09,0.41,0,2,0,44,61.9,0,0,3,322.2,34.206728444945085,20.16101317310756,21.196147882529594,0.506,6.66,12.35,19.8,58.9,1.48,1.309,2
F043,Kitui Central,Kyangwithya West,-1.15925,38.05288,0,2,10,44,0.74,0.59,0.1,0,1,0,42,11.1,1,0,2,287.4,31.84636031616321,18.06625916291837,17.70277396207594,0.376,6.15,13.4,37.4,38.9,2.078,0.739,3
F044,Kitui Central,Kyangwithya East,-1.17409,37.96702,0,4,16,74,1.06,0.83,0.1,0,1,0,42,58.3,0,0,2,246.5,31.75937747039637,19.016227215579555,20.010171755687455,0.389,6.52,36.76,24.6,57.1,1.83,1.143,3
F045,Kitui Central,Township,-1.26828,38.07133,1,8,14,40,1.63,1.06,0.24,0,1,1,40,30.4,0,1,3,341.8,32.619573252803434,19.533776889334483,17.7384781645305,0.463,6.76,18.21,49.6,32.5,2.356,1.456,4
F046,Mwingi Central,Ngomeni,-0.90621,38.09037,0,6,8,40,0.85,0.56,0.1,0,3,1,43,74.0,0,0,2,413.7,29.54446067233227,18.27179133011886,17.508354214114764,0.582,6.09,31.7,39.2,39.3,2.857,1.706,4
F047,Mwingi Central,Kyuso,-0.93052,38.14627,1,4,7,59,1.75,1.13,0.19,1,1,0,41,0.0,1,0,1,296.6,34.63859980126421,16.762244882512004,19.14950505072605,0.436,6.2,15.83,59.2,30.7,2.14,1.186,3
F048,Mwingi Central,Nguutani,-0.87629,38.08573,0,5,7,53,2.88,1.99,0.4,0,1,1,42,21.5,0,0,2,207.8,35.367553571334625,18.020965277644397,22.659402904754455,0.336,6.04,11.27,35.7,40.5,1.588,1.39,3
F049,Mwingi Central,Ngomeni,-1.01049,37.96048,0,3,12,59,1.33,0.7,0.14,0,1,1,43,0.0,0,1,2,310.6,31.707930706611094,16.721721305769343,21.363612599461792,0.402,6.12,8.0,15.0,65.0,2.129,1.253,2
F050,Mwingi Central,Nguutani,-0.98427,38.16444,0,4,12,45,1.97,1.0,0.33,0,1,0,46,0.0,0,1,3,328.7,33.653249175983404,18.615870627570015,19.44355598375686,0.463,6.84,22.74,52.6,22.6,1.497,1.059,2
F051,Mwingi Central,Ngomeni,-0.87588,38.18926,0,4,8,47,0.38,0.2,0.1,0,1,0,42,0.0,0,1,2,248.7,34.213603496466526,15.295177126388277,21.452965487005983,0.356,5.97,38.36,43.0,36.0,1.268,0.923,3
F052,Mwingi Central,Nguutani,-0.98613,38.13611,0,3,7,66,0.95,0.6,0.12,0,1,1,42,125.3,0,1,2,261.0,32.29923338487042,19.113869318913586,20.17154677603957,0.396,5.86,10.56,44.6,33.8,2.268,1.19,3
F053,Mwingi Central,Kyuso,-0.83312,37.9841,1,6,4,33,1.33,0.77,0.14,0,1,1,43,18.5,0,0,2,256.4,30.061856264020697,15.563705907977303,16.57526743593678,0.377,6.42,21.26,28.0,52.2,2.028,1.104,3
F054,Mwingi Central,Ngomeni,-0.83164,38.00239,0,6,4,42,0.67,0.46,0.1,0,3,0,43,0.0,0,0,1,266.1,36.00698069029406,17.77374849201259,19.137155952029225,0.371,5.66,8.27,37.6,45.3,0.964,1.051,2
F055,Mwingi Central,Kyuso,-0.83254,37.96826,0,7,10,53,1.34,1.07,0.1,0,1,1,42,0.0,0,0,3,282.3,31.636452249156644,19.407381934065523,19.317101010046336,0.355,5.75,12.46,39.9,41.5,1.585,1.263,2
F056,Mwingi Central,Ngomeni,-0.99164,38.1393,0,4,8,41,2.14,1.32,0.27,0,3,0,45,23.3,1,1,3,251.3,31.159903507729616,19.924064080722555,21.404225842314904,0.402,5.76,18.8,35.6,53.7,1.547,0.852,3
F057,Mwingi Central,Kyuso,-0.92462,38.18416,0,2,14,37,0.43,0.29,0.1,0,1,1,44,0.0,0,1,2,234.4,36.10534224893464,19.710246575990304,18.08382374849476,0.363,5.9,6.93,20.7,59.9,1.521,1.092,2
F058,Mwingi Central,Kyuso,-0.96454,38.1082,0,5,10,51,0.62,0.39,0.1,0,3,1,42,26.7,0,1,2,297.8,33.842129288623646,19.075521046052984,17.218338560848075,0.507,5.92,16.3,60.0,20.6,2.33,1.386,4
F059,Mwingi Central,Ngomeni,-0.86538,38.15465,1,5,7,60,1.33,1.0,0.11,1,2,0,42,23.5,0,0,2,281.8,33.06634616732763,16.485308032554514,19.386132608032984,0.352,6.28,10.82,46.4,30.2,2.047,1.325,3
F060,Mwingi Central,Ngomeni,-0.81054,37.99191,1,8,8,42,1.54,1.19,0.13,0,1,1,43,20.9,1,1,3,270.4,30.364326540514387,20.265095038760165,17.886438740013617,0.425,5.86,22.25,42.2,40.2,2.463,1.325,4
F061,Mwingi Central,Ngomeni,-0.86885,38.08313,0,7,8,41,1.8,1.37,0.15,0,3,0,44,18.2,0,0,1,293.7,34.266168928069085,16.5264775438908,18.69122695104091,0.41,6.3,15.14,51.1,37.7,1.547,1.109,3
F062,Mwingi Central,Kivou,-0.92936,37.94671,1,4,8,36,1.27,1.01,0.1,1,0,1,40,34.4,0,0,1,221.6,37.0,20.470236476817785,19.297801067772184,0.454,6.35,26.3,44.4,41.0,2.039,1.526,3
F063,Mwingi Central,Nguutani,-0.95559,38.00054,1,3,10,40,1.54,0.78,0.28,0,3,1,43,0.0,0,0,2,301.8,34.43711686053279,19.62986856346707,18.542389590688863,0.449,5.74,14.3,31.2,49.0,1.461,1.332,3
F064,Mwingi Central,Kivou,-0.88456,38.14908,0,6,12,57,1.97,1.48,0.12,1,1,0,43,51.3,0,1,2,271.3,33.59139469184364,20.94602272653117,21.907956857132042,0.41,6.34,8.32,50.5,35.9,2.205,1.457,3
F065,Mwingi Central,Kivou,-1.0156,38.04844,1,5,12,44,0.95,0.69,0.1,0,0,0,42,44.2,0,0,2,300.8,34.08640415226941,18.544763271229336,23.035737765011053,0.417,6.37,7.82,46.5,39.3,1.373,1.211,2
F066,Mwingi Central,Kyuso,-0.89246,38.17884,1,6,7,34,0.86,0.49,0.1,0,1,0,43,19.0,1,1,1,308.0,31.778146267029207,17.02622460702016,21.657276857395537,0.392,5.3,6.33,31.6,46.1,1.448,0.906,3
F067,Mwingi Central,Ngomeni,-0.99403,38.11842,0,11,0,47,1.09,0.86,0.1,0,3,1,46,35.3,1,0,2,340.9,31.757168394895075,16.17322545651335,15.07200708711284,0.472,6.12,22.57,45.9,35.3,1.985,1.35,2
F068,Mwingi Central,Nguutani,-0.88656,38.3161,0,2,10,56,1.34,0.73,0.13,0,0,0,40,25.8,0,1,2,294.6,31.729019934680323,16.373157197768734,17.895065844245416,0.346,5.8,45.0,35.6,46.8,1.418,1.341,3
F069,Mwingi Central,Kyuso,-0.94127,38.07844,1,4,4,37,0.83,0.58,0.1,0,1,1,42,0.0,0,0,2,338.0,31.23511009814887,15.553805452507376,19.053369702419513,0.387,6.52,20.44,40.1,45.1,1.75,1.394,2
F070,Mwingi Central,Kivou,-0.95718,37.94342,1,5,7,28,0.96,0.54,0.16,1,2,0,42,0.0,0,0,3,275.5,31.72462129529276,20.195605250485816,15.0,0.449,5.79,37.94,44.0,35.0,1.902,1.41,3
F071,Mwingi Central,Ngomeni,-0.99199,38.06689,0,4,0,70,1.49,0.94,0.17,0,2,0,45,0.0,0,1,1,277.7,31.714364177052378,20.421350515458318,17.310270707126797,0.312,5.46,28.99,51.7,34.0,1.379,0.799,3
F072,Mwingi Central,Kyuso,-0.95497,37.98333,1,7,10,27,1.31,0.94,0.1,0,1,0,46,0.0,0,1,2,285.9,31.96169408056491,19.496659865462327,19.021425076918625,0.391,5.99,12.69,31.5,47.4,1.636,0.926,3
F073,Mwingi Central,Ngomeni,-0.89107,38.15795,1,11,4,39,1.08,0.72,0.12,0,1,1,42,19.8,0,1,3,324.8,31.90010833052378,18.440526358268098,18.377564797177346,0.39,5.64,30.96,41.6,47.3,2.496,1.311,4
F074,Mwingi Central,Kyuso,-0.85693,38.07378,1,7,8,46,0.46,0.29,0.1,0,0,1,44,17.9,1,1,2,318.4,33.034626085421344,22.0,19.521625443272296,0.416,6.34,12.95,58.2,18.8,2.23,1.465,3
F075,Mwingi Central,Ngomeni,-0.89315,38.05765,1,5,16,40,1.19,0.71,0.18,0,1,1,43,109.2,0,1,2,296.1,32.67334464005726,18.323332730664784,16.047929096807614,0.426,5.68,13.07,36.2,46.3,2.168,1.168,4
F076,Mwingi Central,Kivou,-0.83453,38.05883,1,2,0,43,0.7,0.53,0.1,0,1,1,43,40.5,0,0,3,234.8,32.868197397725744,18.89765025465901,18.34929412320791,0.411,5.99,14.82,40.0,43.4,2.161,1.403,4
F077,Mwingi Central,Nguutani,-0.75226,38.13663,0,4,0,50,2.06,1.12,0.32,0,3,1,42,0.0,0,1,2,317.6,35.84905463935786,18.413867276007586,19.87977437681645,0.497,6.62,15.17,58.1,22.7,1.895,1.349,3
F078,Mwingi Central,Kivou,-0.95271,38.02928,0,5,7,20,1.01,0.64,0.12,0,0,0,42,39.4,0,0,3,251.2,32.668815325176325,17.891045480365793,19.525503678562174,0.33,6.44,22.89,44.4,36.2,1.774,0.896,2
F079,Mwingi Central,Nguutani,-0.94441,38.13993,1,8,12,28,0.69,0.53,0.1,0,2,0,42,62.6,0,0,2,248.8,37.0,19.635754081695975,20.617233944119707,0.351,6.19,11.76,23.3,64.7,1.838,1.039,2
F080,Mwingi Central,Ngomeni,-1.0308,38.1641,1,8,7,44,1.16,0.87,0.1,0,0,0,43,0.0,1,0,2,238.8,33.27591698760975,17.35970595943186,20.471435904993832,0.568,5.95,25.65,30.0,48.7,1.508,1.007,2
F081,Mwingi Central,Kyuso,-0.84665,38.03921,0,7,8,39,2.41,1.49,0.3,0,1,1,40,0.0,0,1,2,286.3,31.51602890005776,17.23895991227365,18.482232578114587,0.395,6.15,25.47,44.9,41.0,2.186,1.259,3
F082,Mwingi Central,Kivou,-0.83904,37.98666,1,4,0,45,1.69,1.23,0.12,0,1,1,45,0.0,1,1,2,344.5,35.469083125903396,19.72664489373684,19.800297207687805,0.416,6.28,19.52,42.2,34.2,2.606,1.218,3
F083,Mwingi Central,Nguutani,-0.9907,38.02383,1,6,10,46,1.35,1.01,0.1,0,1,0,41,10.0,1,0,3,246.6,32.32504001104196,17.604304940187788,17.500017263262407,0.336,5.61,43.37,39.6,38.1,1.679,1.199,3
F084,Mwingi Central,Kivou,-0.88677,38.13391,0,2,8,20,0.58,0.44,0.1,0,2,1,42,38.7,1,1,3,365.5,28.0,18.740267650535323,18.82442920243178,0.467,6.34,31.3,59.6,25.2,2.773,1.636,4
F085,Mwingi Central,Nguutani,-0.84481,38.07832,1,6,10,59,2.92,1.94,0.22,0,3,1,43,39.1,0,1,3,330.9,32.49119308796259,17.885609384425653,16.860956320125734,0.428,5.56,28.07,31.8,46.1,1.925,1.251,4
F086,Mwingi North,Waita,-0.56684,37.96732,1,5,14,38,0.85,0.48,0.12,0,1,0,44,5.0,0,0,4,194.1,31.951813156523293,18.479207663192035,22.163561080690645,0.313,6.03,17.0,37.3,47.4,1.523,0.703,3
F087,Mwingi North,Nguni,-0.59083,38.28437,1,6,7,33,2.0,1.15,0.3,0,3,0,41,22.8,0,0,3,242.8,36.03440424983434,17.288079586760077,18.81626424867317,0.367,5.36,19.61,18.4,65.0,1.113,1.011,3
F088,Mwingi North,Nguni,-0.64374,38.02693,0,6,12,46,1.0,0.59,0.1,0,3,0,42,18.1,0,1,2,213.2,30.525353292999192,17.34694024505163,22.15985861557016,0.34,6.59,21.37,49.6,26.0,1.578,1.13,3
F089,Mwingi North,Waita,-0.64767,37.97201,0,3,0,45,1.9,1.29,0.27,0,1,0,46,0.0,0,0,2,289.9,31.768159400227802,17.024482180741487,20.278740171721115,0.363,6.11,16.55,30.0,50.2,1.381,0.894,3
F090,Mwingi North,Waita,-0.74068,38.07626,1,3,12,58,2.46,1.25,0.24,0,2,1,42,18.1,1,1,2,215.5,35.28880662733301,20.017994197750614,17.285844345859424,0.362,5.18,13.63,48.6,34.6,1.043,0.872,2
F091,Mwingi North,Waita,-0.76505,38.2872,0,5,8,47,1.71,1.18,0.21,0,1,0,42,0.0,0,0,1,187.0,33.3676987719932,18.809392701652392,20.1277664975038,0.324,5.8,4.94,47.5,36.5,1.172,0.904,4
F092,Mwingi North,Waita,-0.64845,38.09806,0,2,12,57,1.81,1.1,0.25,0,0,0,44,0.0,0,0,3,245.3,32.12279498505911,20.153391482828596,21.524295662719613,0.396,5.59,23.54,60.0,25.1,1.881,1.023,3
F093,Mwingi North,Nguni,-0.71992,38.00674,0,5,0,32,1.13,0.67,0.13,0,2,1,41,18.4,0,1,2,312.6,30.835731533759326,20.34569581617913,19.306048020993718,0.346,5.54,27.68,44.5,30.8,1.445,1.481,3
F094,Mwingi North,Tseikuru,-0.66277,37.97051,0,4,4,45,0.94,0.72,0.1,0,0,1,43,0.0,0,1,1,251.3,33.273840599125066,17.67215421115579,19.685073380853098,0.384,5.86,9.2,34.4,53.6,1.706,1.151,3
F095,Mwingi North,Waita,-0.69743,38.08949,0,3,8,30,1.29,0.82,0.17,0,1,1,42,70.9,0,1,1,277.9,32.435537484919806,20.086852971899415,18.121356729112303,0.301,5.43,22.26,42.5,42.8,1.357,1.148,3
F096,Mwingi North,Waita,-0.78519,37.9005,0,5,8,45,0.99,0.52,0.14,0,2,0,42,43.0,1,1,2,279.7,30.810775616544166,18.47458270051982,19.56025806619337,0.393,6.1,12.23,30.4,52.3,1.698,1.165,3
F097,Mwingi North,Nguni,-0.63499,37.96998,0,9,7,42,4.65,3.0,0.72,0,0,0,42,0.0,1,1,2,191.9,30.925137609078696,18.214387690137347,20.094745472005354,0.356,6.08,13.69,41.2,41.6,1.086,0.906,3
F098,Mwingi North,Nguni,-0.68902,38.25431,0,5,8,42,0.69,0.35,0.11,0,1,1,41,18.4,1,1,2,219.5,30.70816134822082,20.754260773989394,18.052960464703723,0.4,5.94,31.67,36.0,46.9,2.014,1.161,4
F099,Mwingi North,Tharaka,-0.65439,38.23233,1,5,4,42,2.08,1.49,0.26,0,3,0,42,0.0,1,0,2,260.3,30.316377649719463,19.496783233067777,16.801760158300866,0.401,5.79,10.02,37.3,50.1,1.761,1.007,3
F100,Mwingi North,Waita,-0.72252,38.08716,1,9,8,52,1.59,1.16,0.11,0,1,0,40,71.4,1,0,2,234.9,34.55487427193914,17.865636340885292,22.719926248957986,0.395,6.06,10.01,29.0,58.8,1.684,0.907,3
F101,Mwingi North,Tharaka,-0.68344,38.05343,0,8,12,24,1.36,0.82,0.21,0,1,0,44,0.0,0,0,3,336.7,34.258665388964964,19.379827967947968,21.010301264961853,0.438,6.12,40.55,41.0,45.2,1.481,1.373,2
F102,Mwingi North,Nguni,-0.55077,38.10585,1,2,8,33,2.7,2.02,0.24,0,2,0,42,26.8,1,1,2,204.7,34.55848380404875,16.22171722609474,18.13085473657154,0.309,5.98,15.29,46.2,30.1,1.431,0.962,2
F103,Mwingi North,Nguni,-0.651,38.3348,0,9,0,43,1.41,0.92,0.19,0,1,0,42,10.4,0,0,1,219.1,32.509899007290755,18.94516336605131,20.049143142895137,0.482,5.28,30.67,21.5,65.0,1.321,0.891,3
F104,Mwingi North,Tseikuru,-0.62153,38.1405,1,4,8,29,0.84,0.54,0.1,0,1,0,45,55.8,0,1,2,273.1,31.966216666839657,15.800735208455269,15.803553330817527,0.437,5.48,7.39,31.1,47.5,1.288,0.752,2
F105,Mwingi North,Waita,-0.74896,38.19097,1,7,0,44,1.41,0.72,0.25,1,3,0,43,0.0,1,0,2,231.7,32.00635935823906,16.72808067343727,15.0,0.3,5.69,7.7,39.7,38.9,1.469,1.019,3
F106,Mwingi North,Tharaka,-0.49277,38.07975,1,5,16,43,1.08,0.63,0.15,0,2,0,40,0.0,0,1,1,129.9,34.74642346039344,19.552351456884413,22.210332718694502,0.18,5.21,10.42,15.0,62.9,0.519,0.397,2
F107,Mwingi North,Nguni,-0.53096,38.10609,1,7,4,27,1.58,1.23,0.13,0,1,0,46,0.0,0,1,2,347.1,28.495674791609176,15.0,20.07387785065385,0.439,5.89,12.93,55.4,21.3,1.371,1.139,3
F108,Mwingi North,Nguni,-0.56456,38.16472,1,8,10,26,1.87,1.15,0.2,1,2,0,42,14.7,0,0,1,211.7,31.36813057261367,21.744521346334558,19.38074382628846,0.4,6.36,8.15,30.9,55.2,1.916,1.249,3
F109,Mwingi North,Tharaka,-0.60199,38.11261,1,5,16,20,0.75,0.5,0.11,0,3,1,41,0.0,0,1,2,285.2,30.547839619490283,20.00208689726828,20.081643012032384,0.409,6.3,19.78,28.6,58.0,2.254,1.472,4
F110,Mwingi North,Tseikuru,-0.65894,37.91026,0,4,12,29,2.31,1.52,0.17,1,1,0,44,0.0,1,0,2,203.6,35.4917526024945,15.190640379518472,25.0,0.222,6.1,20.44,35.9,47.1,2.183,0.92,4
F111,Mwingi North,Nguni,-0.62905,38.22805,0,8,10,44,1.04,0.7,0.14,0,1,0,43,0.0,0,0,2,221.2,31.44959344841634,22.0,21.67273821561331,0.34,6.09,10.5,39.4,46.6,1.33,0.768,3
F112,Mwingi North,Waita,-0.58664,38.03849,1,8,12,45,1.53,0.79,0.31,0,1,0,42,43.9,0,1,3,187.0,28.900824562032497,22.0,16.886399334062983,0.318,6.69,10.92,30.4,48.6,1.665,0.696,3
F113,Mwingi North,Nguni,-0.704,38.31113,0,5,16,46,1.68,1.02,0.27,0,2,0,42,0.0,0,0,2,226.6,32.99153201294294,18.17511501381847,15.299059020199188,0.233,6.14,11.67,47.8,32.7,1.075,0.919,3
F114,Mwingi North,Waita,-0.69111,38.16868,1,3,8,34,1.47,1.05,0.14,0,1,0,43,0.0,0,1,4,231.0,31.68574877123339,16.832319683539563,22.13633940839854,0.359,6.17,9.18,42.0,34.9,1.454,0.871,3
F115,Mwingi North,Tharaka,-0.77684,38.1071,0,4,8,43,1.13,0.63,0.15,0,1,0,42,33.6,1,0,2,254.0,31.274756623093083,21.535346433565156,21.640239635575018,0.328,5.22,3.87,29.6,59.2,1.7,0.564,4
F116,Mwingi North,Waita,-0.71403,38.14393,0,6,8,48,0.92,0.52,0.18,0,3,1,45,0.0,0,0,2,243.2,31.04792969520318,17.881177752607535,20.937651918876103,0.277,6.33,15.76,32.8,43.5,1.425,1.01,3
F117,Mwingi North,Tharaka,-0.54371,38.08915,0,8,8,28,1.03,0.52,0.13,0,2,0,42,0.0,0,1,3,195.1,30.961133485846226,18.789871114063136,17.467802422751518,0.406,5.96,13.26,22.8,62.8,1.507,0.936,2
F118,Mwingi North,Waita,-0.6834,38.05136,0,7,8,45,2.83,1.79,0.35,0,1,0,45,51.4,1,0,3,236.4,34.05883269268462,20.691121521060982,20.40821347470994,0.31,5.77,13.96,25.5,57.1,1.711,0.802,2
F119,Mwingi North,Tharaka,-0.68225,38.12076,1,6,8,51,0.74,0.57,0.1,0,1,1,43,27.6,1,1,2,325.1,32.99233220642726,18.223679365172245,17.691637078141337,0.409,5.67,9.92,41.9,41.5,2.156,1.332,3
F120,Mwingi North,Waita,-0.63776,38.1885,0,4,7,38,0.81,0.42,0.15,0,1,0,44,32.4,1,1,2,319.8,32.06447533761283,18.066102349429997,21.156954715052404,0.404,5.58,24.66,29.7,48.9,2.1,0.945,4
F121,Mwingi North,Tseikuru,-0.77286,38.05355,0,6,4,56,0.79,0.44,0.1,1,1,0,44,46.4,1,0,1,280.5,30.08387447093806,16.209689041030607,21.956642268180854,0.403,6.3,45.0,56.0,27.7,2.208,1.7,4
F122,Mwingi North,Waita,-0.59382,38.03778,0,3,0,38,1.29,0.77,0.19,0,1,0,43,0.0,0,0,1,289.8,32.12843468854658,17.365022427671573,18.141318102926164,0.499,5.79,10.84,38.7,37.1,1.588,1.129,3
F123,Mwingi North,Waita,-0.57135,38.06445,0,6,7,33,0.52,0.37,0.1,0,3,1,42,27.7,0,0,2,352.7,33.07338128672006,18.030614276739076,22.32952540303856,0.408,5.6,33.11,24.5,52.0,1.932,1.261,3
F124,Mwingi North,Tseikuru,-0.63359,38.1952,1,5,0,50,0.57,0.39,0.1,0,1,0,42,0.0,0,0,2,285.7,33.15703978617088,16.2705862597376,19.787130998906775,0.392,5.49,19.75,26.6,50.3,1.524,1.035,3
F125,Mwingi North,Nguni,-0.54441,38.24526,0,5,8,68,1.04,0.65,0.17,0,1,0,42,0.0,1,0,2,289.0,32.85394564258189,16.43371552722312,20.729683031104962,0.416,5.87,16.74,48.5,40.4,1.598,1.147,3
F126,Mwingi West,Nuu,-0.93139,37.83435,1,3,7,45,0.59,0.43,0.1,0,2,0,45,27.1,0,0,1,179.6,30.47029613297944,18.560482369959182,16.22591659077299,0.268,5.56,13.85,37.2,40.0,0.955,0.487,2
F127,Mwingi West,Nuu,-0.84305,37.88247,0,7,12,51,0.62,0.42,0.1,0,1,1,44,0.0,0,0,3,199.9,28.0,15.170532537790471,20.08053626488725,0.314,5.46,15.77,47.9,30.4,1.382,0.985,3
F128,Mwingi West,Kauwi,-0.91435,37.92254,1,8,0,37,0.59,0.45,0.1,0,1,0,42,0.0,0,0,3,248.5,36.45916127211425,16.917506571881603,17.81103903146333,0.403,5.15,29.22,34.3,54.1,1.504,1.198,3
F129,Mwingi West,Ikutha,-0.84876,37.98661,1,5,7,29,0.75,0.56,0.1,0,1,1,41,0.0,0,1,4,213.7,29.61879887696123,22.0,20.686583635035433,0.305,6.08,9.31,32.4,56.0,1.797,0.903,3
F130,Mwingi West,Mui,-0.91626,37.95557,1,2,10,45,1.79,1.03,0.33,0,0,0,42,0.0,0,1,2,205.1,28.177092490932736,17.87815643514787,23.167906674128155,0.318,5.64,14.33,49.2,39.3,1.712,0.882,4
F131,Mwingi West,Kauwi,-0.93679,38.02868,1,8,8,47,2.03,1.18,0.25,0,3,1,43,0.0,1,1,3,210.3,32.78713434860901,17.65269786523307,20.22380052329088,0.318,5.27,30.71,29.4,60.4,1.62,1.053,3
F132,Mwingi West,Nuu,-0.78526,37.98789,0,8,0,39,3.44,1.85,0.49,0,0,1,43,0.0,0,0,3,185.9,28.741259292892416,17.87009749787329,17.247862733917042,0.312,5.59,26.89,42.9,38.9,1.347,1.146,3
F133,Mwingi West,Nuu,-0.83609,37.95435,0,3,12,51,3.37,2.03,0.34,0,1,0,44,42.9,1,1,2,214.4,30.729442753135253,17.898525713382202,21.066165229443968,0.355,5.92,9.38,35.9,39.5,1.616,0.824,4
F134,Mwingi West,Ikutha,-1.00752,38.13206,0,5,12,36,1.84,1.47,0.13,0,1,0,48,0.0,1,0,2,265.3,33.70747093677942,19.53476396570909,20.50447186446929,0.418,5.71,15.01,46.8,36.6,1.478,0.634,3
F135,Mwingi West,Nuu,-0.92681,37.9825,0,2,7,33,2.11,1.31,0.28,0,3,0,41,0.0,0,1,4,330.8,36.3999119906429,19.40875907572004,24.646504366000773,0.545,5.78,23.67,56.2,25.7,2.219,1.389,4
F136,Mwingi West,Mui,-0.8277,37.91544,1,4,7,56,1.29,0.73,0.16,0,1,0,43,0.0,0,1,2,285.9,33.35252597819923,17.796634856483863,20.13491990225236,0.274,5.72,22.91,34.1,41.4,1.409,0.813,3
F137,Mwingi West,Ikutha,-0.9718,38.0988,1,5,16,56,1.59,1.16,0.12,0,0,1,42,61.4,0,0,2,278.6,31.533849604070863,18.115092638351705,18.036312521939827,0.392,5.19,26.78,32.5,53.7,1.855,1.519,3
F138,Mwingi West,Nuu,-0.85376,38.04603,0,6,8,36,3.49,2.31,0.5,0,0,0,42,0.0,0,1,2,176.9,32.38687698030495,20.862991612382107,21.426603064115945,0.241,6.08,19.93,44.7,32.4,1.26,0.858,3
F139,Mwingi West,Ikutha,-0.85998,38.09529,0,4,8,64,1.47,0.8,0.2,0,1,0,41,20.1,1,1,1,255.4,28.521110894215212,15.78145144195355,19.180804819236016,0.361,5.02,21.67,27.2,54.6,1.077,0.773,3
F140,Mwingi West,Nuu,-0.94195,37.94113,0,7,12,40,2.26,1.39,0.28,0,1,0,41,0.0,0,1,3,247.0,31.50834535983667,18.396352370212302,19.700627474279436,0.416,5.88,19.52,54.2,27.3,1.784,1.147,3
F141,Mwingi West,Nuu,-0.90053,38.0281,1,4,7,45,0.72,0.45,0.1,0,1,1,45,28.8,0,1,2,263.1,31.510480471360722,18.74344377263222,17.17880992406112,0.447,5.95,36.23,52.5,32.4,1.619,1.313,3
F142,Mwingi West,Nuu,-1.0254,37.83377,1,8,8,42,0.83,0.6,0.1,0,1,0,42,32.9,0,0,2,233.8,32.8373230567018,17.10197085182159,19.193912967991466,0.423,5.61,13.32,28.0,53.6,1.22,0.962,2
F143,Mwingi West,Mui,-0.79377,38.01272,0,2,7,50,1.42,0.72,0.21,0,0,0,43,34.1,1,0,2,324.8,36.7728171479263,18.292754113715663,19.57701174372609,0.504,5.84,16.85,22.2,65.0,1.939,1.135,3
F144,Mwingi West,Mui,-0.91855,37.93738,1,5,12,47,1.3,0.75,0.18,0,2,0,45,25.6,1,0,2,252.4,28.239050364789072,16.85898237055661,19.179128310657806,0.368,5.59,9.9,26.4,52.1,1.319,0.571,3
F145,Mwingi West,Ikutha,-0.85177,37.8416,1,7,8,47,0.85,0.56,0.1,0,1,1,44,0.0,1,1,2,256.8,31.60310925453613,19.646904327262707,18.022781593922947,0.451,5.85,8.97,26.5,59.2,2.155,1.217,4
F146,Mwingi West,Nuu,-0.86317,38.03261,0,6,8,31,4.5,2.61,0.84,0,1,0,41,0.0,1,0,2,161.7,28.466279003217938,16.091228020092117,20.22057282586324,0.375,6.1,19.35,46.0,30.7,1.399,0.588,3
F147,Mwingi West,Nuu,-0.81853,37.80519,1,7,7,23,1.32,0.91,0.11,0,1,0,43,0.0,0,1,3,245.2,31.392598994848882,20.412200592356108,17.191318957895415,0.378,5.38,11.45,53.5,31.0,1.409,0.731,3
F148,Mwingi West,Mui,-0.926,37.79698,1,6,7,57,0.94,0.61,0.13,0,3,0,42,20.5,1,0,1,301.7,30.597875289540415,18.368050717238795,16.602513498690012,0.48,5.97,15.98,45.9,42.0,1.572,1.263,3
F149,Mwingi West,Nuu,-0.88777,37.979,0,2,8,37,1.3,0.79,0.16,0,1,0,44,47.7,0,0,2,275.0,29.21243812349692,17.69353905301932,21.2738404268161,0.4,6.38,36.92,35.6,44.0,1.556,1.088,3
F150,Mwingi West,Mui,-0.86645,37.99571,0,4,10,43,1.21,0.95,0.1,0,3,0,44,0.0,1,0,3,153.0,34.508802467165516,16.691545220622306,21.04437544521821,0.358,5.81,35.87,41.4,46.1,1.219,0.851,3
F151,Mwingi West,Nuu,-0.84765,38.02764,0,9,8,47,1.33,0.92,0.16,0,2,1,43,0.0,1,1,2,229.8,33.06242494847095,20.355184032777437,16.23098879829912,0.349,5.5,45.0,29.3,49.4,1.812,1.044,3
F152,Mwingi West,Ikutha,-0.83074,38.00936,0,3,0,63,0.5,0.27,0.1,0,0,1,42,57.7,0,0,3,327.9,34.2508823852389,17.326648158738873,15.0,0.415,6.61,37.29,49.0,26.5,2.168,1.488,4
F153,Mwingi West,Nuu,-0.92864,38.06813,1,6,12,45,2.44,1.63,0.34,0,3,0,44,10.2,1,0,3,243.2,31.330361585731513,16.39895259290993,16.97814488650858,0.313,5.74,45.0,42.3,36.0,1.559,1.051,3
F154,Mwingi West,Nuu,-0.93985,38.00602,1,2,0,39,2.51,1.84,0.29,0,1,1,41,23.6,1,0,3,264.5,32.34442375328382,20.392633974214615,19.179252513817005,0.379,5.79,20.46,45.7,44.0,1.952,1.098,3
F155,Mwingi West,Kauwi,-0.81839,37.93942,0,6,14,37,2.69,1.92,0.32,0,0,0,41,0.0,0,0,1,322.9,36.00820941067589,16.872249535709614,22.385873936913764,0.445,5.8,10.47,30.7,50.3,1.602,1.327,4
F156,Mwingi West,Mui,-1.02222,37.94411,0,5,0,43,1.43,0.79,0.13,0,2,1,42,0.0,1,0,1,243.0,32.49401557075995,18.329931834539924,19.1181385804687,0.321,5.88,9.97,36.3,43.3,1.91,1.002,4
F157,Mwingi West,Nuu,-0.8058,37.92742,0,3,10,33,1.72,1.36,0.14,0,2,1,41,50.8,0,1,2,285.6,34.27750440815077,19.973846796327074,17.576597378179923,0.395,5.56,33.05,45.3,32.3,1.836,1.539,3
F158,Mwingi West,Nuu,-0.91814,37.97364,0,6,4,44,0.74,0.47,0.1,0,1,0,42,31.6,0,0,2,268.5,31.141596134023196,18.784323685005717,19.871465572707653,0.365,5.78,16.87,52.4,36.8,1.343,1.027,2
F159,Mwingi West,Kauwi,-0.90027,37.86221,1,3,14,43,1.89,1.04,0.36,0,1,1,44,0.0,0,0,3,278.1,34.07523815540137,21.615532782565953,19.21495971187605,0.346,6.08,17.52,31.9,50.9,1.879,0.931,3
F160,Mwingi West,Kauwi,-0.94094,37.97727,0,8,8,63,1.38,0.76,0.22,0,1,0,46,64.7,0,1,3,267.1,31.292377408428337,16.99708933708218,16.047481731367505,0.442,5.55,12.5,45.8,36.2,1.237,0.754,2
F161,Mwingi West,Mui,-0.90289,37.94309,0,3,4,42,0.93,0.49,0.18,0,2,0,42,64.3,1,1,3,225.4,28.32787077266872,18.121079594120467,16.062342787703223,0.413,5.53,13.27,30.9,56.6,2.017,1.001,3
F162,Mwingi West,Kauwi,-0.82373,37.97205,0,4,7,20,1.93,1.43,0.16,0,1,0,42,57.6,1,1,3,229.8,32.48331764657371,18.26027934751817,16.129506244711767,0.408,5.58,19.92,59.2,26.0,1.786,1.169,4
F163,Mwingi West,Ikutha,-0.85375,37.9723,1,7,4,75,1.97,1.06,0.3,0,1,0,42,28.3,1,0,3,211.5,31.465333086271283,19.61822291463319,25.0,0.336,5.26,9.7,33.9,49.5,1.382,1.042,2
F164,Mwingi West,Kauwi,-0.87044,37.75382,0,2,4,55,1.24,0.67,0.13,0,0,1,42,24.5,0,1,2,176.2,28.925481009326024,20.819521630108568,21.649953600684032,0.307,5.43,18.7,44.4,33.1,1.676,1.011,3
F165,Mwingi West,Ikutha,-0.89467,37.8779,1,8,14,68,1.52,1.15,0.15,0,1,1,40,0.0,1,1,2,306.0,32.92128427368098,18.632509717331654,18.015709853661594,0.372,5.41,35.01,39.7,36.4,2.0,1.089,4
F166,Kitui West,Kisasi,-1.06546,37.96414,0,8,8,30,0.68,0.41,0.1,0,3,0,45,0.0,0,1,3,280.5,30.534241733102693,18.25220510535149,22.27066705707233,0.423,6.1,5.66,60.0,20.6,1.566,0.945,3
F167,Kitui West,Mbitini,-0.95716,37.98232,1,5,12,41,2.37,1.21,0.38,0,1,1,42,0.0,1,0,2,333.7,37.0,15.830614637906242,18.07985928084634,0.459,6.43,7.61,40.3,43.8,2.458,1.242,4
F168,Kitui West,Mutonguni,-1.07311,37.90965,1,8,8,52,0.73,0.38,0.14,1,3,1,42,0.0,0,1,1,350.4,29.27822708648993,18.70228614163405,22.187950992434324,0.608,6.68,23.05,32.8,53.4,2.653,1.883,5
F169,Kitui West,Kisasi,-0.98692,38.07386,0,5,10,50,0.81,0.44,0.13,0,1,0,40,25.0,0,1,2,282.4,29.831565126609693,17.329459982006384,19.700766142673636,0.459,6.12,32.52,44.4,30.9,1.842,1.048,3
F170,Kitui West,Mutonguni,-1.0698,37.90764,0,2,4,47,1.24,0.7,0.14,0,2,0,45,0.0,1,0,3,220.9,34.41301243462514,19.613185359077786,17.852871875506757,0.365,6.28,12.87,44.2,31.1,1.176,0.504,2
F171,Kitui West,Mbitini,-1.01081,37.89873,1,3,7,20,2.21,1.55,0.23,0,1,0,44,58.7,0,0,1,271.2,32.20735186259181,17.76256845940755,21.199550864572423,0.392,6.2,6.05,36.4,39.7,1.565,1.154,2
F172,Kitui West,Kauwi,-1.01841,37.8967,1,5,12,23,2.21,1.21,0.3,0,1,1,46,0.0,0,1,3,249.8,34.36824508037688,18.066851502133872,19.84379893180921,0.425,5.26,33.65,27.1,51.1,1.502,1.044,2
F173,Kitui West,Kisasi,-1.07003,37.87292,0,4,16,62,1.19,0.64,0.17,0,1,1,44,0.0,0,1,3,190.9,33.33686031857538,15.871517573749575,20.495669430448313,0.276,5.64,10.96,32.7,52.4,1.199,0.87,3
F174,Kitui West,Mutonguni,-1.14122,37.89087,0,6,7,64,1.83,1.33,0.1,0,1,0,42,34.3,0,0,2,257.4,31.218924318551398,15.23938624922743,20.038767557960274,0.439,6.4,13.73,46.8,30.9,1.711,1.228,3
F175,Kitui West,Mutonguni,-1.09615,37.82961,1,5,7,42,0.47,0.33,0.1,0,1,1,42,32.6,0,1,1,276.8,29.46599673522481,21.8497766723305,20.01253693217732,0.345,6.44,19.29,20.5,63.4,1.951,1.542,3
F176,Kitui West,Kisasi,-0.99066,37.91659,1,5,8,60,0.81,0.51,0.1,0,3,0,43,18.0,0,0,2,251.1,34.856382777601674,18.733431037217496,21.501384720216862,0.348,6.43,11.78,35.5,49.6,1.102,1.039,2
F177,Kitui West,Kauwi,-1.02733,37.93402,0,6,16,31,0.82,0.55,0.1,0,1,0,42,15.5,0,0,3,245.3,29.66540959170354,19.227803859735097,25.0,0.279,6.03,10.61,47.9,30.9,0.981,0.921,2
F178,Kitui West,Kauwi,-1.10602,37.7702,1,7,7,34,2.38,1.41,0.2,0,1,0,43,44.9,0,1,3,222.5,33.729593114561155,16.857869066271043,22.621979751373896,0.381,5.3,10.71,37.1,51.7,1.385,0.901,3
F179,Kitui West,Kauwi,-1.10054,37.92286,0,6,8,30,1.72,1.11,0.18,0,0,0,40,0.0,1,0,3,288.8,34.52179726596507,20.075942492921502,20.049112900707613,0.422,5.69,41.64,59.7,29.6,1.976,1.105,3
F180,Kitui West,Mbitini,-1.18385,37.93295,1,7,12,33,1.33,0.87,0.2,0,1,0,41,0.0,0,0,2,364.1,32.220780831134086,19.75125181262785,18.723482712751068,0.45,5.75,29.37,20.6,62.7,1.756,1.282,3
F181,Kitui West,Mutonguni,-0.99334,37.96602,0,3,0,52,1.4,0.86,0.12,0,1,0,43,64.7,1,1,1,337.5,31.830875421486834,17.055631050038944,18.99816270499502,0.407,6.35,21.92,28.4,54.9,1.817,1.257,3
F182,Kitui West,Mutonguni,-1.02684,38.01432,0,2,0,33,2.84,2.19,0.21,0,2,0,43,22.2,1,0,1,309.4,30.335802569745756,16.592890215478302,16.359676763473875,0.497,5.96,5.51,15.0,61.6,2.039,1.018,3
F183,Kitui West,Mutonguni,-1.08822,37.98959,0,3,8,70,1.09,0.55,0.21,0,3,0,44,110.6,0,0,3,310.4,33.518033976749464,17.18145016911091,21.16135885638304,0.423,6.78,21.96,57.9,30.2,2.001,1.146,3
F184,Kitui West,Mbitini,-1.06799,37.88657,1,2,14,49,0.58,0.43,0.1,0,0,0,41,0.0,1,1,2,274.0,28.0,18.4490912323272,16.962693270854142,0.358,6.69,21.37,28.6,59.6,1.959,1.04,2
F185,Kitui West,Mutonguni,-1.21025,37.87845,0,7,7,57,2.18,1.17,0.39,1,1,1,43,60.0,1,1,2,198.8,34.074597945924985,18.800792605652404,18.568864219876843,0.425,6.77,8.68,18.1,65.0,2.656,1.405,3
F186,Kitui West,Mbitini,-1.1092,37.97057,0,3,8,49,1.32,0.98,0.13,0,1,0,41,42.7,1,1,2,263.4,32.76284795014657,18.56910921482957,21.175871757255,0.354,5.73,18.72,31.9,57.7,1.877,1.067,3
F187,Kitui West,Kauwi,-0.99993,37.89169,0,4,8,58,2.02,1.38,0.26,0,1,1,41,67.8,0,1,1,236.4,32.0098054606167,20.837714195552365,18.906686740508686,0.42,6.3,27.82,24.1,64.8,2.088,1.116,3
F188,Kitui West,Kisasi,-1.02111,37.84404,0,5,8,33,1.17,0.88,0.1,0,1,0,42,17.0,0,0,2,287.0,33.033065004260465,17.213077669827094,18.269280023676867,0.351,5.91,21.86,32.0,48.1,1.436,1.274,3
F189,Kitui West,Mutonguni,-1.06016,38.09619,1,7,8,61,0.75,0.4,0.14,0,2,0,41,132.2,1,1,2,335.5,29.478175937749317,16.544008416147946,16.50629828473589,0.434,6.23,11.7,38.4,45.1,1.765,1.384,3
F190,Kitui West,Mutonguni,-1.08088,37.90825,0,5,8,45,1.49,0.99,0.1,0,1,1,42,0.0,1,0,2,368.8,28.0,18.500178239333277,22.51331683076203,0.507,5.78,16.55,46.0,32.5,2.218,1.484,4
F191,Kitui West,Kauwi,-1.03222,37.88614,0,6,8,58,1.2,0.78,0.18,0,0,0,42,0.0,1,1,1,282.9,33.530865153898716,15.452447331504297,17.416945336367803,0.402,6.59,23.69,36.3,38.8,1.982,1.168,3
F192,Kitui West,Kisasi,-1.09688,37.77655,1,7,8,26,1.33,0.95,0.12,0,2,0,42,0.0,0,0,3,205.0,35.39640157880632,19.75232749731911,18.035310432630126,0.347,5.79,16.94,38.3,41.8,1.229,0.848,2
F193,Kitui West,Mbitini,-1.17988,37.9896,0,3,8,46,2.91,1.92,0.33,0,1,1,41,23.0,1,1,3,282.8,28.673315661739178,18.67633387605703,15.020676450415348,0.378,5.32,30.79,32.2,57.0,2.006,1.357,3
F194,Kitui West,Kisasi,-1.08037,37.86084,0,6,8,45,0.65,0.43,0.1,0,2,0,41,0.0,1,0,2,284.0,30.184543830607893,17.891531526362098,19.45034738048025,0.326,6.91,20.04,22.9,65.0,1.29,0.828,3
F195,Kitui West,Kauwi,-1.05581,37.932,0,8,12,36,1.4,0.88,0.2,0,1,0,41,0.0,0,0,3,310.5,34.15511476466036,17.79160482815155,18.6667627840961,0.503,6.28,23.96,19.5,57.3,1.651,1.402,3
F196,Kitui West,Kauwi,-1.01264,37.9978,0,3,0,47,0.76,0.45,0.1,0,1,0,41,76.6,0,1,2,279.1,33.28955747188308,20.13799240781822,19.954644792421032,0.377,5.67,24.8,34.4,47.7,1.622,1.197,3
F197,Kitui West,Kisasi,-1.16647,37.86194,0,6,12,62,0.29,0.19,0.1,0,3,0,43,21.0,0,1,2,283.0,37.0,20.080666283609357,16.563420807606064,0.419,6.04,9.65,38.8,38.8,1.789,1.148,2
F198,Kitui West,Mbitini,-1.08737,37.93556,0,6,12,35,1.17,0.63,0.22,0,3,0,42,33.9,1,1,3,251.6,34.866446431416975,18.056530654855965,21.33545198383784,0.412,5.87,16.86,33.6,43.6,1.778,1.052,4
F199,Kitui West,Mbitini,-1.08452,38.03667,1,3,7,55,1.22,0.96,0.1,0,2,0,42,0.0,1,0,3,266.0,34.33793383816471,19.56518388240418,15.0,0.405,6.1,13.93,19.9,56.2,1.621,0.837,3
F200,Kitui West,Mutonguni,-1.14608,37.75803,0,5,8,30,1.69,1.21,0.19,0,1,1,42,53.0,1,0,3,303.1,30.819664860011258,20.05406683131261,19.269556250043987,0.387,6.42,27.71,40.0,35.8,2.498,1.548,4
